{
    "scenarioName": "asas",
    "shape": [
        11,
        11
    ],
    "backgroundImg": "/home/santiago/Documents/Trabajo/Workspace/GLOMIM/glomim_v1/AuxImages/scenario_background.png",
    "uavList": [
        {
            "uavId": "uav_01_05",
            "position": [
                1,
                5
            ],
            "ramCapacity": 4.0,
            "ramAllocated": 0.0,
            "cpuCapacity": 4.0,
            "cpuAllocated": 0.0,
            "microservices": []
        },
        {
            "uavId": "uav_02_05",
            "position": [
                2,
                5
            ],
            "ramCapacity": 4.0,
            "ramAllocated": 0.0,
            "cpuCapacity": 4.0,
            "cpuAllocated": 0.0,
            "microservices": []
        },
        {
            "uavId": "uav_02_06",
            "position": [
                2,
                6
            ],
            "ramCapacity": 4.0,
            "ramAllocated": 0.0,
            "cpuCapacity": 4.0,
            "cpuAllocated": 0.0,
            "microservices": []
        }
    ],
    "microserviceList": []
}