{
    "scenarioName": "paper2_veryLarge_01",
    "shape": [
        20,
        20
    ],
    "backgroundImg": "/home/santiago/Documents/Trabajo/Workspace/GLOMIM/glomim_v1/AuxImages/Elysium_city_final.png",
    "uavList": [
        {
            "uavId": "uav_00_09",
            "position": [
                0,
                9
            ],
            "ramCapacity": 4.0,
            "ramAllocated": 0.0,
            "cpuCapacity": 4.0,
            "cpuAllocated": 0.0,
            "microservices": []
        },
        {
            "uavId": "uav_01_09",
            "position": [
                1,
                9
            ],
            "ramCapacity": 4.0,
            "ramAllocated": 0.0,
            "cpuCapacity": 4.0,
            "cpuAllocated": 0.0,
            "microservices": []
        },
        {
            "uavId": "uav_02_09",
            "position": [
                2,
                9
            ],
            "ramCapacity": 4.0,
            "ramAllocated": 0.0,
            "cpuCapacity": 4.0,
            "cpuAllocated": 0.0,
            "microservices": []
        },
        {
            "uavId": "uav_03_10",
            "position": [
                3,
                10
            ],
            "ramCapacity": 4.0,
            "ramAllocated": 0.0,
            "cpuCapacity": 4.0,
            "cpuAllocated": 0.0,
            "microservices": []
        },
        {
            "uavId": "uav_03_09",
            "position": [
                3,
                9
            ],
            "ramCapacity": 4.0,
            "ramAllocated": 0.0,
            "cpuCapacity": 4.0,
            "cpuAllocated": 0.0,
            "microservices": []
        },
        {
            "uavId": "uav_03_11",
            "position": [
                3,
                11
            ],
            "ramCapacity": 4.0,
            "ramAllocated": 0.0,
            "cpuCapacity": 4.0,
            "cpuAllocated": 0.0,
            "microservices": []
        },
        {
            "uavId": "uav_04_11",
            "position": [
                4,
                11
            ],
            "ramCapacity": 4.0,
            "ramAllocated": 0.0,
            "cpuCapacity": 4.0,
            "cpuAllocated": 0.0,
            "microservices": []
        },
        {
            "uavId": "uav_04_12",
            "position": [
                4,
                12
            ],
            "ramCapacity": 4.0,
            "ramAllocated": 0.0,
            "cpuCapacity": 4.0,
            "cpuAllocated": 0.0,
            "microservices": []
        },
        {
            "uavId": "uav_03_13",
            "position": [
                3,
                13
            ],
            "ramCapacity": 4.0,
            "ramAllocated": 0.0,
            "cpuCapacity": 4.0,
            "cpuAllocated": 0.0,
            "microservices": []
        },
        {
            "uavId": "uav_04_13",
            "position": [
                4,
                13
            ],
            "ramCapacity": 4.0,
            "ramAllocated": 0.0,
            "cpuCapacity": 4.0,
            "cpuAllocated": 0.0,
            "microservices": []
        },
        {
            "uavId": "uav_03_14",
            "position": [
                3,
                14
            ],
            "ramCapacity": 4.0,
            "ramAllocated": 0.0,
            "cpuCapacity": 4.0,
            "cpuAllocated": 0.0,
            "microservices": []
        },
        {
            "uavId": "uav_04_14",
            "position": [
                4,
                14
            ],
            "ramCapacity": 4.0,
            "ramAllocated": 0.0,
            "cpuCapacity": 4.0,
            "cpuAllocated": 0.0,
            "microservices": []
        },
        {
            "uavId": "uav_04_15",
            "position": [
                4,
                15
            ],
            "ramCapacity": 4.0,
            "ramAllocated": 0.0,
            "cpuCapacity": 4.0,
            "cpuAllocated": 0.0,
            "microservices": []
        },
        {
            "uavId": "uav_05_15",
            "position": [
                5,
                15
            ],
            "ramCapacity": 4.0,
            "ramAllocated": 0.0,
            "cpuCapacity": 4.0,
            "cpuAllocated": 0.0,
            "microservices": []
        },
        {
            "uavId": "uav_05_16",
            "position": [
                5,
                16
            ],
            "ramCapacity": 4.0,
            "ramAllocated": 0.0,
            "cpuCapacity": 4.0,
            "cpuAllocated": 0.0,
            "microservices": []
        },
        {
            "uavId": "uav_05_17",
            "position": [
                5,
                17
            ],
            "ramCapacity": 4.0,
            "ramAllocated": 0.0,
            "cpuCapacity": 4.0,
            "cpuAllocated": 0.0,
            "microservices": []
        },
        {
            "uavId": "uav_06_17",
            "position": [
                6,
                17
            ],
            "ramCapacity": 4.0,
            "ramAllocated": 0.0,
            "cpuCapacity": 4.0,
            "cpuAllocated": 0.0,
            "microservices": []
        },
        {
            "uavId": "uav_06_16",
            "position": [
                6,
                16
            ],
            "ramCapacity": 4.0,
            "ramAllocated": 0.0,
            "cpuCapacity": 4.0,
            "cpuAllocated": 0.0,
            "microservices": []
        },
        {
            "uavId": "uav_03_07",
            "position": [
                3,
                7
            ],
            "ramCapacity": 4.0,
            "ramAllocated": 0.0,
            "cpuCapacity": 4.0,
            "cpuAllocated": 0.0,
            "microservices": []
        },
        {
            "uavId": "uav_03_08",
            "position": [
                3,
                8
            ],
            "ramCapacity": 4.0,
            "ramAllocated": 0.0,
            "cpuCapacity": 4.0,
            "cpuAllocated": 0.0,
            "microservices": []
        },
        {
            "uavId": "uav_04_05",
            "position": [
                4,
                5
            ],
            "ramCapacity": 4.0,
            "ramAllocated": 0.0,
            "cpuCapacity": 4.0,
            "cpuAllocated": 0.0,
            "microservices": []
        },
        {
            "uavId": "uav_04_06",
            "position": [
                4,
                6
            ],
            "ramCapacity": 4.0,
            "ramAllocated": 0.0,
            "cpuCapacity": 4.0,
            "cpuAllocated": 0.0,
            "microservices": []
        },
        {
            "uavId": "uav_04_07",
            "position": [
                4,
                7
            ],
            "ramCapacity": 4.0,
            "ramAllocated": 0.0,
            "cpuCapacity": 4.0,
            "cpuAllocated": 0.0,
            "microservices": []
        },
        {
            "uavId": "uav_04_08",
            "position": [
                4,
                8
            ],
            "ramCapacity": 4.0,
            "ramAllocated": 0.0,
            "cpuCapacity": 4.0,
            "cpuAllocated": 0.0,
            "microservices": []
        },
        {
            "uavId": "uav_04_09",
            "position": [
                4,
                9
            ],
            "ramCapacity": 4.0,
            "ramAllocated": 0.0,
            "cpuCapacity": 4.0,
            "cpuAllocated": 0.0,
            "microservices": []
        },
        {
            "uavId": "uav_05_03",
            "position": [
                5,
                3
            ],
            "ramCapacity": 4.0,
            "ramAllocated": 0.0,
            "cpuCapacity": 4.0,
            "cpuAllocated": 0.0,
            "microservices": []
        },
        {
            "uavId": "uav_04_04",
            "position": [
                4,
                4
            ],
            "ramCapacity": 4.0,
            "ramAllocated": 0.0,
            "cpuCapacity": 4.0,
            "cpuAllocated": 0.0,
            "microservices": []
        },
        {
            "uavId": "uav_05_04",
            "position": [
                5,
                4
            ],
            "ramCapacity": 4.0,
            "ramAllocated": 0.0,
            "cpuCapacity": 4.0,
            "cpuAllocated": 0.0,
            "microservices": []
        },
        {
            "uavId": "uav_05_05",
            "position": [
                5,
                5
            ],
            "ramCapacity": 4.0,
            "ramAllocated": 0.0,
            "cpuCapacity": 4.0,
            "cpuAllocated": 0.0,
            "microservices": []
        },
        {
            "uavId": "uav_05_06",
            "position": [
                5,
                6
            ],
            "ramCapacity": 4.0,
            "ramAllocated": 0.0,
            "cpuCapacity": 4.0,
            "cpuAllocated": 0.0,
            "microservices": []
        },
        {
            "uavId": "uav_05_07",
            "position": [
                5,
                7
            ],
            "ramCapacity": 4.0,
            "ramAllocated": 0.0,
            "cpuCapacity": 4.0,
            "cpuAllocated": 0.0,
            "microservices": []
        },
        {
            "uavId": "uav_05_08",
            "position": [
                5,
                8
            ],
            "ramCapacity": 4.0,
            "ramAllocated": 0.0,
            "cpuCapacity": 4.0,
            "cpuAllocated": 0.0,
            "microservices": []
        },
        {
            "uavId": "uav_05_09",
            "position": [
                5,
                9
            ],
            "ramCapacity": 4.0,
            "ramAllocated": 0.0,
            "cpuCapacity": 4.0,
            "cpuAllocated": 0.0,
            "microservices": []
        },
        {
            "uavId": "uav_05_12",
            "position": [
                5,
                12
            ],
            "ramCapacity": 4.0,
            "ramAllocated": 0.0,
            "cpuCapacity": 4.0,
            "cpuAllocated": 0.0,
            "microservices": []
        },
        {
            "uavId": "uav_05_13",
            "position": [
                5,
                13
            ],
            "ramCapacity": 4.0,
            "ramAllocated": 0.0,
            "cpuCapacity": 4.0,
            "cpuAllocated": 0.0,
            "microservices": []
        },
        {
            "uavId": "uav_05_14",
            "position": [
                5,
                14
            ],
            "ramCapacity": 4.0,
            "ramAllocated": 0.0,
            "cpuCapacity": 4.0,
            "cpuAllocated": 0.0,
            "microservices": []
        },
        {
            "uavId": "uav_06_03",
            "position": [
                6,
                3
            ],
            "ramCapacity": 4.0,
            "ramAllocated": 0.0,
            "cpuCapacity": 4.0,
            "cpuAllocated": 0.0,
            "microservices": []
        },
        {
            "uavId": "uav_06_04",
            "position": [
                6,
                4
            ],
            "ramCapacity": 4.0,
            "ramAllocated": 0.0,
            "cpuCapacity": 4.0,
            "cpuAllocated": 0.0,
            "microservices": []
        },
        {
            "uavId": "uav_06_05",
            "position": [
                6,
                5
            ],
            "ramCapacity": 4.0,
            "ramAllocated": 0.0,
            "cpuCapacity": 4.0,
            "cpuAllocated": 0.0,
            "microservices": []
        },
        {
            "uavId": "uav_06_06",
            "position": [
                6,
                6
            ],
            "ramCapacity": 4.0,
            "ramAllocated": 0.0,
            "cpuCapacity": 4.0,
            "cpuAllocated": 0.0,
            "microservices": []
        },
        {
            "uavId": "uav_06_07",
            "position": [
                6,
                7
            ],
            "ramCapacity": 4.0,
            "ramAllocated": 0.0,
            "cpuCapacity": 4.0,
            "cpuAllocated": 0.0,
            "microservices": []
        },
        {
            "uavId": "uav_06_08",
            "position": [
                6,
                8
            ],
            "ramCapacity": 4.0,
            "ramAllocated": 0.0,
            "cpuCapacity": 4.0,
            "cpuAllocated": 0.0,
            "microservices": []
        },
        {
            "uavId": "uav_06_09",
            "position": [
                6,
                9
            ],
            "ramCapacity": 4.0,
            "ramAllocated": 0.0,
            "cpuCapacity": 4.0,
            "cpuAllocated": 0.0,
            "microservices": []
        },
        {
            "uavId": "uav_06_12",
            "position": [
                6,
                12
            ],
            "ramCapacity": 4.0,
            "ramAllocated": 0.0,
            "cpuCapacity": 4.0,
            "cpuAllocated": 0.0,
            "microservices": []
        },
        {
            "uavId": "uav_06_13",
            "position": [
                6,
                13
            ],
            "ramCapacity": 4.0,
            "ramAllocated": 0.0,
            "cpuCapacity": 4.0,
            "cpuAllocated": 0.0,
            "microservices": []
        },
        {
            "uavId": "uav_06_14",
            "position": [
                6,
                14
            ],
            "ramCapacity": 4.0,
            "ramAllocated": 0.0,
            "cpuCapacity": 4.0,
            "cpuAllocated": 0.0,
            "microservices": []
        },
        {
            "uavId": "uav_06_15",
            "position": [
                6,
                15
            ],
            "ramCapacity": 4.0,
            "ramAllocated": 0.0,
            "cpuCapacity": 4.0,
            "cpuAllocated": 0.0,
            "microservices": []
        },
        {
            "uavId": "uav_07_03",
            "position": [
                7,
                3
            ],
            "ramCapacity": 4.0,
            "ramAllocated": 0.0,
            "cpuCapacity": 4.0,
            "cpuAllocated": 0.0,
            "microservices": []
        },
        {
            "uavId": "uav_07_04",
            "position": [
                7,
                4
            ],
            "ramCapacity": 4.0,
            "ramAllocated": 0.0,
            "cpuCapacity": 4.0,
            "cpuAllocated": 0.0,
            "microservices": []
        },
        {
            "uavId": "uav_07_05",
            "position": [
                7,
                5
            ],
            "ramCapacity": 4.0,
            "ramAllocated": 0.0,
            "cpuCapacity": 4.0,
            "cpuAllocated": 0.0,
            "microservices": []
        },
        {
            "uavId": "uav_07_06",
            "position": [
                7,
                6
            ],
            "ramCapacity": 4.0,
            "ramAllocated": 0.0,
            "cpuCapacity": 4.0,
            "cpuAllocated": 0.0,
            "microservices": []
        },
        {
            "uavId": "uav_07_07",
            "position": [
                7,
                7
            ],
            "ramCapacity": 4.0,
            "ramAllocated": 0.0,
            "cpuCapacity": 4.0,
            "cpuAllocated": 0.0,
            "microservices": []
        },
        {
            "uavId": "uav_07_08",
            "position": [
                7,
                8
            ],
            "ramCapacity": 4.0,
            "ramAllocated": 0.0,
            "cpuCapacity": 4.0,
            "cpuAllocated": 0.0,
            "microservices": []
        },
        {
            "uavId": "uav_07_09",
            "position": [
                7,
                9
            ],
            "ramCapacity": 4.0,
            "ramAllocated": 0.0,
            "cpuCapacity": 4.0,
            "cpuAllocated": 0.0,
            "microservices": []
        },
        {
            "uavId": "uav_07_10",
            "position": [
                7,
                10
            ],
            "ramCapacity": 4.0,
            "ramAllocated": 0.0,
            "cpuCapacity": 4.0,
            "cpuAllocated": 0.0,
            "microservices": []
        },
        {
            "uavId": "uav_07_12",
            "position": [
                7,
                12
            ],
            "ramCapacity": 4.0,
            "ramAllocated": 0.0,
            "cpuCapacity": 4.0,
            "cpuAllocated": 0.0,
            "microservices": []
        },
        {
            "uavId": "uav_07_13",
            "position": [
                7,
                13
            ],
            "ramCapacity": 4.0,
            "ramAllocated": 0.0,
            "cpuCapacity": 4.0,
            "cpuAllocated": 0.0,
            "microservices": []
        },
        {
            "uavId": "uav_07_14",
            "position": [
                7,
                14
            ],
            "ramCapacity": 4.0,
            "ramAllocated": 0.0,
            "cpuCapacity": 4.0,
            "cpuAllocated": 0.0,
            "microservices": []
        },
        {
            "uavId": "uav_07_15",
            "position": [
                7,
                15
            ],
            "ramCapacity": 4.0,
            "ramAllocated": 0.0,
            "cpuCapacity": 4.0,
            "cpuAllocated": 0.0,
            "microservices": []
        },
        {
            "uavId": "uav_07_16",
            "position": [
                7,
                16
            ],
            "ramCapacity": 4.0,
            "ramAllocated": 0.0,
            "cpuCapacity": 4.0,
            "cpuAllocated": 0.0,
            "microservices": []
        },
        {
            "uavId": "uav_07_17",
            "position": [
                7,
                17
            ],
            "ramCapacity": 4.0,
            "ramAllocated": 0.0,
            "cpuCapacity": 4.0,
            "cpuAllocated": 0.0,
            "microservices": []
        },
        {
            "uavId": "uav_08_03",
            "position": [
                8,
                3
            ],
            "ramCapacity": 4.0,
            "ramAllocated": 0.0,
            "cpuCapacity": 4.0,
            "cpuAllocated": 0.0,
            "microservices": []
        },
        {
            "uavId": "uav_08_04",
            "position": [
                8,
                4
            ],
            "ramCapacity": 4.0,
            "ramAllocated": 0.0,
            "cpuCapacity": 4.0,
            "cpuAllocated": 0.0,
            "microservices": []
        },
        {
            "uavId": "uav_08_05",
            "position": [
                8,
                5
            ],
            "ramCapacity": 4.0,
            "ramAllocated": 0.0,
            "cpuCapacity": 4.0,
            "cpuAllocated": 0.0,
            "microservices": []
        },
        {
            "uavId": "uav_08_06",
            "position": [
                8,
                6
            ],
            "ramCapacity": 4.0,
            "ramAllocated": 0.0,
            "cpuCapacity": 4.0,
            "cpuAllocated": 0.0,
            "microservices": []
        },
        {
            "uavId": "uav_08_07",
            "position": [
                8,
                7
            ],
            "ramCapacity": 4.0,
            "ramAllocated": 0.0,
            "cpuCapacity": 4.0,
            "cpuAllocated": 0.0,
            "microservices": []
        },
        {
            "uavId": "uav_08_08",
            "position": [
                8,
                8
            ],
            "ramCapacity": 4.0,
            "ramAllocated": 0.0,
            "cpuCapacity": 4.0,
            "cpuAllocated": 0.0,
            "microservices": []
        },
        {
            "uavId": "uav_08_09",
            "position": [
                8,
                9
            ],
            "ramCapacity": 4.0,
            "ramAllocated": 0.0,
            "cpuCapacity": 4.0,
            "cpuAllocated": 0.0,
            "microservices": []
        },
        {
            "uavId": "uav_08_10",
            "position": [
                8,
                10
            ],
            "ramCapacity": 4.0,
            "ramAllocated": 0.0,
            "cpuCapacity": 4.0,
            "cpuAllocated": 0.0,
            "microservices": []
        },
        {
            "uavId": "uav_08_11",
            "position": [
                8,
                11
            ],
            "ramCapacity": 4.0,
            "ramAllocated": 0.0,
            "cpuCapacity": 4.0,
            "cpuAllocated": 0.0,
            "microservices": []
        },
        {
            "uavId": "uav_08_12",
            "position": [
                8,
                12
            ],
            "ramCapacity": 4.0,
            "ramAllocated": 0.0,
            "cpuCapacity": 4.0,
            "cpuAllocated": 0.0,
            "microservices": []
        },
        {
            "uavId": "uav_08_13",
            "position": [
                8,
                13
            ],
            "ramCapacity": 4.0,
            "ramAllocated": 0.0,
            "cpuCapacity": 4.0,
            "cpuAllocated": 0.0,
            "microservices": []
        },
        {
            "uavId": "uav_08_14",
            "position": [
                8,
                14
            ],
            "ramCapacity": 4.0,
            "ramAllocated": 0.0,
            "cpuCapacity": 4.0,
            "cpuAllocated": 0.0,
            "microservices": []
        },
        {
            "uavId": "uav_08_15",
            "position": [
                8,
                15
            ],
            "ramCapacity": 4.0,
            "ramAllocated": 0.0,
            "cpuCapacity": 4.0,
            "cpuAllocated": 0.0,
            "microservices": []
        },
        {
            "uavId": "uav_08_17",
            "position": [
                8,
                17
            ],
            "ramCapacity": 4.0,
            "ramAllocated": 0.0,
            "cpuCapacity": 4.0,
            "cpuAllocated": 0.0,
            "microservices": []
        },
        {
            "uavId": "uav_09_04",
            "position": [
                9,
                4
            ],
            "ramCapacity": 4.0,
            "ramAllocated": 0.0,
            "cpuCapacity": 4.0,
            "cpuAllocated": 0.0,
            "microservices": []
        },
        {
            "uavId": "uav_09_06",
            "position": [
                9,
                6
            ],
            "ramCapacity": 4.0,
            "ramAllocated": 0.0,
            "cpuCapacity": 4.0,
            "cpuAllocated": 0.0,
            "microservices": []
        },
        {
            "uavId": "uav_09_07",
            "position": [
                9,
                7
            ],
            "ramCapacity": 4.0,
            "ramAllocated": 0.0,
            "cpuCapacity": 4.0,
            "cpuAllocated": 0.0,
            "microservices": []
        },
        {
            "uavId": "uav_09_08",
            "position": [
                9,
                8
            ],
            "ramCapacity": 4.0,
            "ramAllocated": 0.0,
            "cpuCapacity": 4.0,
            "cpuAllocated": 0.0,
            "microservices": []
        },
        {
            "uavId": "uav_09_09",
            "position": [
                9,
                9
            ],
            "ramCapacity": 4.0,
            "ramAllocated": 0.0,
            "cpuCapacity": 4.0,
            "cpuAllocated": 0.0,
            "microservices": []
        },
        {
            "uavId": "uav_09_10",
            "position": [
                9,
                10
            ],
            "ramCapacity": 4.0,
            "ramAllocated": 0.0,
            "cpuCapacity": 4.0,
            "cpuAllocated": 0.0,
            "microservices": []
        },
        {
            "uavId": "uav_09_11",
            "position": [
                9,
                11
            ],
            "ramCapacity": 4.0,
            "ramAllocated": 0.0,
            "cpuCapacity": 4.0,
            "cpuAllocated": 0.0,
            "microservices": []
        },
        {
            "uavId": "uav_09_12",
            "position": [
                9,
                12
            ],
            "ramCapacity": 4.0,
            "ramAllocated": 0.0,
            "cpuCapacity": 4.0,
            "cpuAllocated": 0.0,
            "microservices": []
        },
        {
            "uavId": "uav_09_14",
            "position": [
                9,
                14
            ],
            "ramCapacity": 4.0,
            "ramAllocated": 0.0,
            "cpuCapacity": 4.0,
            "cpuAllocated": 0.0,
            "microservices": []
        },
        {
            "uavId": "uav_09_15",
            "position": [
                9,
                15
            ],
            "ramCapacity": 4.0,
            "ramAllocated": 0.0,
            "cpuCapacity": 4.0,
            "cpuAllocated": 0.0,
            "microservices": []
        },
        {
            "uavId": "uav_09_17",
            "position": [
                9,
                17
            ],
            "ramCapacity": 4.0,
            "ramAllocated": 0.0,
            "cpuCapacity": 4.0,
            "cpuAllocated": 0.0,
            "microservices": []
        },
        {
            "uavId": "uav_10_04",
            "position": [
                10,
                4
            ],
            "ramCapacity": 4.0,
            "ramAllocated": 0.0,
            "cpuCapacity": 4.0,
            "cpuAllocated": 0.0,
            "microservices": []
        },
        {
            "uavId": "uav_10_05",
            "position": [
                10,
                5
            ],
            "ramCapacity": 4.0,
            "ramAllocated": 0.0,
            "cpuCapacity": 4.0,
            "cpuAllocated": 0.0,
            "microservices": []
        },
        {
            "uavId": "uav_10_06",
            "position": [
                10,
                6
            ],
            "ramCapacity": 4.0,
            "ramAllocated": 0.0,
            "cpuCapacity": 4.0,
            "cpuAllocated": 0.0,
            "microservices": []
        },
        {
            "uavId": "uav_10_07",
            "position": [
                10,
                7
            ],
            "ramCapacity": 4.0,
            "ramAllocated": 0.0,
            "cpuCapacity": 4.0,
            "cpuAllocated": 0.0,
            "microservices": []
        },
        {
            "uavId": "uav_10_08",
            "position": [
                10,
                8
            ],
            "ramCapacity": 4.0,
            "ramAllocated": 0.0,
            "cpuCapacity": 4.0,
            "cpuAllocated": 0.0,
            "microservices": []
        },
        {
            "uavId": "uav_10_09",
            "position": [
                10,
                9
            ],
            "ramCapacity": 4.0,
            "ramAllocated": 0.0,
            "cpuCapacity": 4.0,
            "cpuAllocated": 0.0,
            "microservices": []
        },
        {
            "uavId": "uav_10_10",
            "position": [
                10,
                10
            ],
            "ramCapacity": 4.0,
            "ramAllocated": 0.0,
            "cpuCapacity": 4.0,
            "cpuAllocated": 0.0,
            "microservices": []
        },
        {
            "uavId": "uav_10_11",
            "position": [
                10,
                11
            ],
            "ramCapacity": 4.0,
            "ramAllocated": 0.0,
            "cpuCapacity": 4.0,
            "cpuAllocated": 0.0,
            "microservices": []
        },
        {
            "uavId": "uav_10_13",
            "position": [
                10,
                13
            ],
            "ramCapacity": 4.0,
            "ramAllocated": 0.0,
            "cpuCapacity": 4.0,
            "cpuAllocated": 0.0,
            "microservices": []
        },
        {
            "uavId": "uav_10_14",
            "position": [
                10,
                14
            ],
            "ramCapacity": 4.0,
            "ramAllocated": 0.0,
            "cpuCapacity": 4.0,
            "cpuAllocated": 0.0,
            "microservices": []
        },
        {
            "uavId": "uav_10_17",
            "position": [
                10,
                17
            ],
            "ramCapacity": 4.0,
            "ramAllocated": 0.0,
            "cpuCapacity": 4.0,
            "cpuAllocated": 0.0,
            "microservices": []
        },
        {
            "uavId": "uav_11_04",
            "position": [
                11,
                4
            ],
            "ramCapacity": 4.0,
            "ramAllocated": 0.0,
            "cpuCapacity": 4.0,
            "cpuAllocated": 0.0,
            "microservices": []
        },
        {
            "uavId": "uav_11_05",
            "position": [
                11,
                5
            ],
            "ramCapacity": 4.0,
            "ramAllocated": 0.0,
            "cpuCapacity": 4.0,
            "cpuAllocated": 0.0,
            "microservices": []
        },
        {
            "uavId": "uav_11_09",
            "position": [
                11,
                9
            ],
            "ramCapacity": 4.0,
            "ramAllocated": 0.0,
            "cpuCapacity": 4.0,
            "cpuAllocated": 0.0,
            "microservices": []
        },
        {
            "uavId": "uav_11_10",
            "position": [
                11,
                10
            ],
            "ramCapacity": 4.0,
            "ramAllocated": 0.0,
            "cpuCapacity": 4.0,
            "cpuAllocated": 0.0,
            "microservices": []
        },
        {
            "uavId": "uav_11_11",
            "position": [
                11,
                11
            ],
            "ramCapacity": 4.0,
            "ramAllocated": 0.0,
            "cpuCapacity": 4.0,
            "cpuAllocated": 0.0,
            "microservices": []
        },
        {
            "uavId": "uav_11_13",
            "position": [
                11,
                13
            ],
            "ramCapacity": 4.0,
            "ramAllocated": 0.0,
            "cpuCapacity": 4.0,
            "cpuAllocated": 0.0,
            "microservices": []
        },
        {
            "uavId": "uav_11_14",
            "position": [
                11,
                14
            ],
            "ramCapacity": 4.0,
            "ramAllocated": 0.0,
            "cpuCapacity": 4.0,
            "cpuAllocated": 0.0,
            "microservices": []
        },
        {
            "uavId": "uav_11_18",
            "position": [
                11,
                18
            ],
            "ramCapacity": 4.0,
            "ramAllocated": 0.0,
            "cpuCapacity": 4.0,
            "cpuAllocated": 0.0,
            "microservices": []
        },
        {
            "uavId": "uav_10_18",
            "position": [
                10,
                18
            ],
            "ramCapacity": 4.0,
            "ramAllocated": 0.0,
            "cpuCapacity": 4.0,
            "cpuAllocated": 0.0,
            "microservices": []
        },
        {
            "uavId": "uav_12_04",
            "position": [
                12,
                4
            ],
            "ramCapacity": 4.0,
            "ramAllocated": 0.0,
            "cpuCapacity": 4.0,
            "cpuAllocated": 0.0,
            "microservices": []
        },
        {
            "uavId": "uav_12_05",
            "position": [
                12,
                5
            ],
            "ramCapacity": 4.0,
            "ramAllocated": 0.0,
            "cpuCapacity": 4.0,
            "cpuAllocated": 0.0,
            "microservices": []
        },
        {
            "uavId": "uav_12_09",
            "position": [
                12,
                9
            ],
            "ramCapacity": 4.0,
            "ramAllocated": 0.0,
            "cpuCapacity": 4.0,
            "cpuAllocated": 0.0,
            "microservices": []
        },
        {
            "uavId": "uav_12_10",
            "position": [
                12,
                10
            ],
            "ramCapacity": 4.0,
            "ramAllocated": 0.0,
            "cpuCapacity": 4.0,
            "cpuAllocated": 0.0,
            "microservices": []
        },
        {
            "uavId": "uav_12_17",
            "position": [
                12,
                17
            ],
            "ramCapacity": 4.0,
            "ramAllocated": 0.0,
            "cpuCapacity": 4.0,
            "cpuAllocated": 0.0,
            "microservices": []
        },
        {
            "uavId": "uav_12_18",
            "position": [
                12,
                18
            ],
            "ramCapacity": 4.0,
            "ramAllocated": 0.0,
            "cpuCapacity": 4.0,
            "cpuAllocated": 0.0,
            "microservices": []
        },
        {
            "uavId": "uav_13_03",
            "position": [
                13,
                3
            ],
            "ramCapacity": 4.0,
            "ramAllocated": 0.0,
            "cpuCapacity": 4.0,
            "cpuAllocated": 0.0,
            "microservices": []
        },
        {
            "uavId": "uav_13_04",
            "position": [
                13,
                4
            ],
            "ramCapacity": 4.0,
            "ramAllocated": 0.0,
            "cpuCapacity": 4.0,
            "cpuAllocated": 0.0,
            "microservices": []
        },
        {
            "uavId": "uav_13_05",
            "position": [
                13,
                5
            ],
            "ramCapacity": 4.0,
            "ramAllocated": 0.0,
            "cpuCapacity": 4.0,
            "cpuAllocated": 0.0,
            "microservices": []
        },
        {
            "uavId": "uav_13_06",
            "position": [
                13,
                6
            ],
            "ramCapacity": 4.0,
            "ramAllocated": 0.0,
            "cpuCapacity": 4.0,
            "cpuAllocated": 0.0,
            "microservices": []
        },
        {
            "uavId": "uav_13_09",
            "position": [
                13,
                9
            ],
            "ramCapacity": 4.0,
            "ramAllocated": 0.0,
            "cpuCapacity": 4.0,
            "cpuAllocated": 0.0,
            "microservices": []
        },
        {
            "uavId": "uav_13_10",
            "position": [
                13,
                10
            ],
            "ramCapacity": 4.0,
            "ramAllocated": 0.0,
            "cpuCapacity": 4.0,
            "cpuAllocated": 0.0,
            "microservices": []
        },
        {
            "uavId": "uav_13_11",
            "position": [
                13,
                11
            ],
            "ramCapacity": 4.0,
            "ramAllocated": 0.0,
            "cpuCapacity": 4.0,
            "cpuAllocated": 0.0,
            "microservices": []
        },
        {
            "uavId": "uav_13_16",
            "position": [
                13,
                16
            ],
            "ramCapacity": 4.0,
            "ramAllocated": 0.0,
            "cpuCapacity": 4.0,
            "cpuAllocated": 0.0,
            "microservices": []
        },
        {
            "uavId": "uav_14_02",
            "position": [
                14,
                2
            ],
            "ramCapacity": 4.0,
            "ramAllocated": 0.0,
            "cpuCapacity": 4.0,
            "cpuAllocated": 0.0,
            "microservices": []
        },
        {
            "uavId": "uav_14_03",
            "position": [
                14,
                3
            ],
            "ramCapacity": 4.0,
            "ramAllocated": 0.0,
            "cpuCapacity": 4.0,
            "cpuAllocated": 0.0,
            "microservices": []
        },
        {
            "uavId": "uav_14_04",
            "position": [
                14,
                4
            ],
            "ramCapacity": 4.0,
            "ramAllocated": 0.0,
            "cpuCapacity": 4.0,
            "cpuAllocated": 0.0,
            "microservices": []
        },
        {
            "uavId": "uav_14_05",
            "position": [
                14,
                5
            ],
            "ramCapacity": 4.0,
            "ramAllocated": 0.0,
            "cpuCapacity": 4.0,
            "cpuAllocated": 0.0,
            "microservices": []
        },
        {
            "uavId": "uav_14_06",
            "position": [
                14,
                6
            ],
            "ramCapacity": 4.0,
            "ramAllocated": 0.0,
            "cpuCapacity": 4.0,
            "cpuAllocated": 0.0,
            "microservices": []
        },
        {
            "uavId": "uav_14_16",
            "position": [
                14,
                16
            ],
            "ramCapacity": 4.0,
            "ramAllocated": 0.0,
            "cpuCapacity": 4.0,
            "cpuAllocated": 0.0,
            "microservices": []
        },
        {
            "uavId": "uav_15_02",
            "position": [
                15,
                2
            ],
            "ramCapacity": 4.0,
            "ramAllocated": 0.0,
            "cpuCapacity": 4.0,
            "cpuAllocated": 0.0,
            "microservices": []
        },
        {
            "uavId": "uav_15_03",
            "position": [
                15,
                3
            ],
            "ramCapacity": 4.0,
            "ramAllocated": 0.0,
            "cpuCapacity": 4.0,
            "cpuAllocated": 0.0,
            "microservices": []
        },
        {
            "uavId": "uav_15_04",
            "position": [
                15,
                4
            ],
            "ramCapacity": 4.0,
            "ramAllocated": 0.0,
            "cpuCapacity": 4.0,
            "cpuAllocated": 0.0,
            "microservices": []
        },
        {
            "uavId": "uav_15_05",
            "position": [
                15,
                5
            ],
            "ramCapacity": 4.0,
            "ramAllocated": 0.0,
            "cpuCapacity": 4.0,
            "cpuAllocated": 0.0,
            "microservices": []
        },
        {
            "uavId": "uav_15_06",
            "position": [
                15,
                6
            ],
            "ramCapacity": 4.0,
            "ramAllocated": 0.0,
            "cpuCapacity": 4.0,
            "cpuAllocated": 0.0,
            "microservices": []
        },
        {
            "uavId": "uav_16_02",
            "position": [
                16,
                2
            ],
            "ramCapacity": 4.0,
            "ramAllocated": 0.0,
            "cpuCapacity": 4.0,
            "cpuAllocated": 0.0,
            "microservices": []
        },
        {
            "uavId": "uav_16_03",
            "position": [
                16,
                3
            ],
            "ramCapacity": 4.0,
            "ramAllocated": 0.0,
            "cpuCapacity": 4.0,
            "cpuAllocated": 0.0,
            "microservices": []
        },
        {
            "uavId": "uav_16_04",
            "position": [
                16,
                4
            ],
            "ramCapacity": 4.0,
            "ramAllocated": 0.0,
            "cpuCapacity": 4.0,
            "cpuAllocated": 0.0,
            "microservices": []
        },
        {
            "uavId": "uav_16_05",
            "position": [
                16,
                5
            ],
            "ramCapacity": 4.0,
            "ramAllocated": 0.0,
            "cpuCapacity": 4.0,
            "cpuAllocated": 0.0,
            "microservices": []
        },
        {
            "uavId": "uav_17_02",
            "position": [
                17,
                2
            ],
            "ramCapacity": 4.0,
            "ramAllocated": 0.0,
            "cpuCapacity": 4.0,
            "cpuAllocated": 0.0,
            "microservices": []
        },
        {
            "uavId": "uav_17_03",
            "position": [
                17,
                3
            ],
            "ramCapacity": 4.0,
            "ramAllocated": 0.0,
            "cpuCapacity": 4.0,
            "cpuAllocated": 0.0,
            "microservices": []
        },
        {
            "uavId": "uav_17_04",
            "position": [
                17,
                4
            ],
            "ramCapacity": 4.0,
            "ramAllocated": 0.0,
            "cpuCapacity": 4.0,
            "cpuAllocated": 0.0,
            "microservices": []
        },
        {
            "uavId": "uav_15_16",
            "position": [
                15,
                16
            ],
            "ramCapacity": 4.0,
            "ramAllocated": 0.0,
            "cpuCapacity": 4.0,
            "cpuAllocated": 0.0,
            "microservices": []
        },
        {
            "uavId": "uav_15_17",
            "position": [
                15,
                17
            ],
            "ramCapacity": 4.0,
            "ramAllocated": 0.0,
            "cpuCapacity": 4.0,
            "cpuAllocated": 0.0,
            "microservices": []
        },
        {
            "uavId": "uav_16_17",
            "position": [
                16,
                17
            ],
            "ramCapacity": 4.0,
            "ramAllocated": 0.0,
            "cpuCapacity": 4.0,
            "cpuAllocated": 0.0,
            "microservices": []
        },
        {
            "uavId": "uav_17_17",
            "position": [
                17,
                17
            ],
            "ramCapacity": 4.0,
            "ramAllocated": 0.0,
            "cpuCapacity": 4.0,
            "cpuAllocated": 0.0,
            "microservices": []
        },
        {
            "uavId": "uav_17_16",
            "position": [
                17,
                16
            ],
            "ramCapacity": 4.0,
            "ramAllocated": 0.0,
            "cpuCapacity": 4.0,
            "cpuAllocated": 0.0,
            "microservices": []
        },
        {
            "uavId": "uav_18_16",
            "position": [
                18,
                16
            ],
            "ramCapacity": 4.0,
            "ramAllocated": 0.0,
            "cpuCapacity": 4.0,
            "cpuAllocated": 0.0,
            "microservices": []
        },
        {
            "uavId": "uav_19_16",
            "position": [
                19,
                16
            ],
            "ramCapacity": 4.0,
            "ramAllocated": 0.0,
            "cpuCapacity": 4.0,
            "cpuAllocated": 0.0,
            "microservices": []
        },
        {
            "uavId": "uav_09_05",
            "position": [
                9,
                5
            ],
            "ramCapacity": 4.0,
            "ramAllocated": 0.0,
            "cpuCapacity": 4.0,
            "cpuAllocated": 0.0,
            "microservices": []
        },
        {
            "uavId": "uav_13_17",
            "position": [
                13,
                17
            ],
            "ramCapacity": 4.0,
            "ramAllocated": 0.0,
            "cpuCapacity": 4.0,
            "cpuAllocated": 0.0,
            "microservices": []
        },
        {
            "uavId": "uav_09_13",
            "position": [
                9,
                13
            ],
            "ramCapacity": 4.0,
            "ramAllocated": 0.0,
            "cpuCapacity": 4.0,
            "cpuAllocated": 0.0,
            "microservices": []
        }
    ],
    "microserviceList": [
        {
            "microserviceId": "m0",
            "ramRequirement": 4.0,
            "cpuRequirement": 4.0,
            "replicationIndex": 3,
            "heatmap": [
                [
                    0.0,
                    0.0,
                    0.0,
                    0.0,
                    0.0,
                    0.0,
                    0.0,
                    0.0,
                    0.0,
                    1.0,
                    0.0,
                    0.0,
                    0.0,
                    0.0,
                    0.0,
                    0.0,
                    0.0,
                    0.0,
                    0.0,
                    0.0
                ],
                [
                    0.0,
                    0.0,
                    0.0,
                    0.0,
                    0.0,
                    0.0,
                    0.0,
                    0.0,
                    0.0,
                    1.0,
                    0.0,
                    0.0,
                    0.0,
                    0.0,
                    0.0,
                    0.0,
                    0.0,
                    0.0,
                    0.0,
                    0.0
                ],
                [
                    0.0,
                    0.0,
                    0.0,
                    0.0,
                    0.0,
                    0.0,
                    0.0,
                    0.0,
                    0.0,
                    3.0,
                    0.0,
                    0.0,
                    0.0,
                    0.0,
                    0.0,
                    0.0,
                    0.0,
                    0.0,
                    0.0,
                    0.0
                ],
                [
                    0.0,
                    0.0,
                    0.0,
                    0.0,
                    0.0,
                    0.0,
                    0.0,
                    0.0,
                    0.0,
                    4.0,
                    2.0,
                    2.0,
                    0.0,
                    1.0,
                    1.0,
                    0.0,
                    0.0,
                    0.0,
                    0.0,
                    0.0
                ],
                [
                    0.0,
                    0.0,
                    0.0,
                    0.0,
                    0.0,
                    0.0,
                    0.0,
                    0.0,
                    0.0,
                    2.0,
                    0.0,
                    2.0,
                    2.0,
                    2.0,
                    3.0,
                    2.0,
                    0.0,
                    0.0,
                    0.0,
                    0.0
                ],
                [
                    0.0,
                    0.0,
                    0.0,
                    0.0,
                    0.0,
                    0.0,
                    0.0,
                    0.0,
                    0.0,
                    1.0,
                    0.0,
                    0.0,
                    0.0,
                    0.0,
                    4.0,
                    4.0,
                    2.0,
                    1.0,
                    0.0,
                    0.0
                ],
                [
                    0.0,
                    0.0,
                    0.0,
                    0.0,
                    0.0,
                    0.0,
                    0.0,
                    0.0,
                    0.0,
                    1.0,
                    0.0,
                    0.0,
                    0.0,
                    0.0,
                    0.0,
                    4.0,
                    2.0,
                    2.0,
                    0.0,
                    0.0
                ],
                [
                    0.0,
                    0.0,
                    0.0,
                    0.0,
                    0.0,
                    0.0,
                    0.0,
                    0.0,
                    0.0,
                    0.0,
                    0.0,
                    0.0,
                    0.0,
                    0.0,
                    0.0,
                    2.0,
                    0.0,
                    2.0,
                    0.0,
                    0.0
                ],
                [
                    0.0,
                    0.0,
                    0.0,
                    0.0,
                    0.0,
                    0.0,
                    0.0,
                    0.0,
                    0.0,
                    0.0,
                    0.0,
                    0.0,
                    0.0,
                    0.0,
                    0.0,
                    2.0,
                    0.0,
                    2.0,
                    0.0,
                    0.0
                ],
                [
                    0.0,
                    0.0,
                    0.0,
                    0.0,
                    0.0,
                    0.0,
                    0.0,
                    0.0,
                    0.0,
                    0.0,
                    0.0,
                    0.0,
                    0.0,
                    0.0,
                    0.0,
                    2.0,
                    0.0,
                    2.0,
                    0.0,
                    0.0
                ],
                [
                    0.0,
                    0.0,
                    0.0,
                    0.0,
                    0.0,
                    0.0,
                    0.0,
                    0.0,
                    0.0,
                    0.0,
                    0.0,
                    0.0,
                    0.0,
                    0.0,
                    1.0,
                    0.0,
                    0.0,
                    2.0,
                    2.0,
                    0.0
                ],
                [
                    0.0,
                    0.0,
                    0.0,
                    0.0,
                    0.0,
                    0.0,
                    0.0,
                    0.0,
                    0.0,
                    0.0,
                    0.0,
                    0.0,
                    0.0,
                    0.0,
                    0.0,
                    0.0,
                    0.0,
                    0.0,
                    2.0,
                    0.0
                ],
                [
                    0.0,
                    0.0,
                    0.0,
                    0.0,
                    0.0,
                    0.0,
                    0.0,
                    0.0,
                    0.0,
                    0.0,
                    0.0,
                    0.0,
                    0.0,
                    0.0,
                    0.0,
                    0.0,
                    0.0,
                    2.0,
                    2.0,
                    0.0
                ],
                [
                    0.0,
                    0.0,
                    0.0,
                    0.0,
                    0.0,
                    0.0,
                    0.0,
                    0.0,
                    0.0,
                    0.0,
                    0.0,
                    0.0,
                    0.0,
                    0.0,
                    0.0,
                    0.0,
                    2.0,
                    2.0,
                    0.0,
                    0.0
                ],
                [
                    0.0,
                    0.0,
                    0.0,
                    0.0,
                    0.0,
                    0.0,
                    0.0,
                    0.0,
                    0.0,
                    0.0,
                    0.0,
                    0.0,
                    0.0,
                    0.0,
                    0.0,
                    0.0,
                    1.0,
                    0.0,
                    0.0,
                    0.0
                ],
                [
                    0.0,
                    0.0,
                    0.0,
                    0.0,
                    0.0,
                    0.0,
                    0.0,
                    0.0,
                    0.0,
                    0.0,
                    0.0,
                    0.0,
                    0.0,
                    0.0,
                    0.0,
                    0.0,
                    1.0,
                    1.0,
                    0.0,
                    0.0
                ],
                [
                    0.0,
                    0.0,
                    0.0,
                    0.0,
                    0.0,
                    0.0,
                    0.0,
                    0.0,
                    0.0,
                    0.0,
                    0.0,
                    0.0,
                    0.0,
                    0.0,
                    0.0,
                    0.0,
                    0.0,
                    1.0,
                    0.0,
                    0.0
                ],
                [
                    0.0,
                    0.0,
                    0.0,
                    0.0,
                    0.0,
                    0.0,
                    0.0,
                    0.0,
                    0.0,
                    0.0,
                    0.0,
                    0.0,
                    0.0,
                    0.0,
                    0.0,
                    0.0,
                    1.0,
                    1.0,
                    0.0,
                    0.0
                ],
                [
                    0.0,
                    0.0,
                    0.0,
                    0.0,
                    0.0,
                    0.0,
                    0.0,
                    0.0,
                    0.0,
                    0.0,
                    0.0,
                    0.0,
                    0.0,
                    0.0,
                    0.0,
                    0.0,
                    1.0,
                    0.0,
                    0.0,
                    0.0
                ],
                [
                    0.0,
                    0.0,
                    0.0,
                    0.0,
                    0.0,
                    0.0,
                    0.0,
                    0.0,
                    0.0,
                    0.0,
                    0.0,
                    0.0,
                    0.0,
                    0.0,
                    0.0,
                    0.0,
                    1.0,
                    0.0,
                    0.0,
                    0.0
                ]
            ]
        },
        {
            "microserviceId": "m1",
            "ramRequirement": 4.0,
            "cpuRequirement": 4.0,
            "replicationIndex": 3,
            "heatmap": [
                [
                    0.0,
                    0.0,
                    0.0,
                    0.0,
                    0.0,
                    0.0,
                    0.0,
                    0.0,
                    0.0,
                    0.0,
                    0.0,
                    0.0,
                    0.0,
                    0.0,
                    0.0,
                    0.0,
                    0.0,
                    0.0,
                    0.0,
                    0.0
                ],
                [
                    0.0,
                    0.0,
                    0.0,
                    0.0,
                    0.0,
                    0.0,
                    0.0,
                    0.0,
                    0.0,
                    0.0,
                    0.0,
                    0.0,
                    0.0,
                    0.0,
                    0.0,
                    0.0,
                    0.0,
                    0.0,
                    0.0,
                    0.0
                ],
                [
                    0.0,
                    0.0,
                    0.0,
                    0.0,
                    0.0,
                    0.0,
                    0.0,
                    0.0,
                    0.0,
                    0.0,
                    0.0,
                    0.0,
                    0.0,
                    0.0,
                    0.0,
                    0.0,
                    0.0,
                    0.0,
                    0.0,
                    0.0
                ],
                [
                    0.0,
                    0.0,
                    0.0,
                    0.0,
                    0.0,
                    0.0,
                    0.0,
                    1.0,
                    1.0,
                    3.0,
                    0.0,
                    0.0,
                    0.0,
                    0.0,
                    0.0,
                    0.0,
                    0.0,
                    0.0,
                    0.0,
                    0.0
                ],
                [
                    0.0,
                    0.0,
                    0.0,
                    0.0,
                    1.0,
                    1.0,
                    2.0,
                    2.0,
                    2.0,
                    4.0,
                    0.0,
                    0.0,
                    0.0,
                    0.0,
                    0.0,
                    0.0,
                    0.0,
                    0.0,
                    0.0,
                    0.0
                ],
                [
                    0.0,
                    0.0,
                    0.0,
                    1.0,
                    1.0,
                    3.0,
                    3.0,
                    3.0,
                    2.0,
                    4.0,
                    0.0,
                    0.0,
                    0.0,
                    0.0,
                    0.0,
                    0.0,
                    0.0,
                    0.0,
                    0.0,
                    0.0
                ],
                [
                    0.0,
                    0.0,
                    0.0,
                    1.0,
                    2.0,
                    3.0,
                    4.0,
                    3.0,
                    2.0,
                    4.0,
                    0.0,
                    0.0,
                    0.0,
                    0.0,
                    0.0,
                    0.0,
                    0.0,
                    0.0,
                    0.0,
                    0.0
                ],
                [
                    0.0,
                    0.0,
                    0.0,
                    1.0,
                    2.0,
                    3.0,
                    5.0,
                    4.0,
                    3.0,
                    2.0,
                    1.0,
                    0.0,
                    0.0,
                    0.0,
                    0.0,
                    0.0,
                    0.0,
                    0.0,
                    0.0,
                    0.0
                ],
                [
                    0.0,
                    0.0,
                    0.0,
                    1.0,
                    1.0,
                    2.0,
                    2.0,
                    2.0,
                    2.0,
                    3.0,
                    2.0,
                    1.0,
                    0.0,
                    0.0,
                    0.0,
                    0.0,
                    0.0,
                    0.0,
                    0.0,
                    0.0
                ],
                [
                    0.0,
                    0.0,
                    0.0,
                    0.0,
                    1.0,
                    2.0,
                    1.0,
                    1.0,
                    1.0,
                    3.0,
                    2.0,
                    1.0,
                    0.0,
                    0.0,
                    0.0,
                    0.0,
                    0.0,
                    0.0,
                    0.0,
                    0.0
                ],
                [
                    0.0,
                    0.0,
                    0.0,
                    0.0,
                    2.0,
                    3.0,
                    1.0,
                    1.0,
                    1.0,
                    3.0,
                    2.0,
                    1.0,
                    0.0,
                    0.0,
                    0.0,
                    0.0,
                    0.0,
                    0.0,
                    0.0,
                    0.0
                ],
                [
                    0.0,
                    0.0,
                    0.0,
                    0.0,
                    2.0,
                    3.0,
                    0.0,
                    0.0,
                    0.0,
                    4.0,
                    3.0,
                    1.0,
                    0.0,
                    0.0,
                    0.0,
                    0.0,
                    0.0,
                    0.0,
                    0.0,
                    0.0
                ],
                [
                    0.0,
                    0.0,
                    0.0,
                    0.0,
                    1.0,
                    2.0,
                    0.0,
                    0.0,
                    0.0,
                    3.0,
                    1.0,
                    0.0,
                    0.0,
                    0.0,
                    0.0,
                    0.0,
                    0.0,
                    0.0,
                    0.0,
                    0.0
                ],
                [
                    0.0,
                    0.0,
                    0.0,
                    1.0,
                    1.0,
                    1.0,
                    1.0,
                    0.0,
                    0.0,
                    1.0,
                    1.0,
                    1.0,
                    0.0,
                    0.0,
                    0.0,
                    0.0,
                    0.0,
                    0.0,
                    0.0,
                    0.0
                ],
                [
                    0.0,
                    0.0,
                    0.0,
                    0.0,
                    0.0,
                    0.0,
                    0.0,
                    0.0,
                    0.0,
                    0.0,
                    0.0,
                    0.0,
                    0.0,
                    0.0,
                    0.0,
                    0.0,
                    0.0,
                    0.0,
                    0.0,
                    0.0
                ],
                [
                    0.0,
                    0.0,
                    0.0,
                    0.0,
                    0.0,
                    0.0,
                    0.0,
                    0.0,
                    0.0,
                    0.0,
                    0.0,
                    0.0,
                    0.0,
                    0.0,
                    0.0,
                    0.0,
                    0.0,
                    0.0,
                    0.0,
                    0.0
                ],
                [
                    0.0,
                    0.0,
                    0.0,
                    0.0,
                    0.0,
                    0.0,
                    0.0,
                    0.0,
                    0.0,
                    0.0,
                    0.0,
                    0.0,
                    0.0,
                    0.0,
                    0.0,
                    0.0,
                    0.0,
                    0.0,
                    0.0,
                    0.0
                ],
                [
                    0.0,
                    0.0,
                    0.0,
                    0.0,
                    0.0,
                    0.0,
                    0.0,
                    0.0,
                    0.0,
                    0.0,
                    0.0,
                    0.0,
                    0.0,
                    0.0,
                    0.0,
                    0.0,
                    0.0,
                    0.0,
                    0.0,
                    0.0
                ],
                [
                    0.0,
                    0.0,
                    0.0,
                    0.0,
                    0.0,
                    0.0,
                    0.0,
                    0.0,
                    0.0,
                    0.0,
                    0.0,
                    0.0,
                    0.0,
                    0.0,
                    0.0,
                    0.0,
                    0.0,
                    0.0,
                    0.0,
                    0.0
                ],
                [
                    0.0,
                    0.0,
                    0.0,
                    0.0,
                    0.0,
                    0.0,
                    0.0,
                    0.0,
                    0.0,
                    0.0,
                    0.0,
                    0.0,
                    0.0,
                    0.0,
                    0.0,
                    0.0,
                    0.0,
                    0.0,
                    0.0,
                    0.0
                ]
            ]
        },
        {
            "microserviceId": "m2",
            "ramRequirement": 4.0,
            "cpuRequirement": 4.0,
            "replicationIndex": 3,
            "heatmap": [
                [
                    0.0,
                    0.0,
                    0.0,
                    0.0,
                    0.0,
                    0.0,
                    0.0,
                    0.0,
                    0.0,
                    0.0,
                    0.0,
                    0.0,
                    0.0,
                    0.0,
                    0.0,
                    0.0,
                    0.0,
                    0.0,
                    0.0,
                    0.0
                ],
                [
                    0.0,
                    0.0,
                    0.0,
                    0.0,
                    0.0,
                    0.0,
                    0.0,
                    0.0,
                    0.0,
                    0.0,
                    0.0,
                    0.0,
                    0.0,
                    0.0,
                    0.0,
                    0.0,
                    0.0,
                    0.0,
                    0.0,
                    0.0
                ],
                [
                    0.0,
                    0.0,
                    0.0,
                    0.0,
                    0.0,
                    0.0,
                    0.0,
                    0.0,
                    0.0,
                    0.0,
                    0.0,
                    0.0,
                    0.0,
                    0.0,
                    0.0,
                    0.0,
                    0.0,
                    0.0,
                    0.0,
                    0.0
                ],
                [
                    0.0,
                    0.0,
                    0.0,
                    0.0,
                    0.0,
                    0.0,
                    0.0,
                    0.0,
                    0.0,
                    0.0,
                    0.0,
                    0.0,
                    0.0,
                    0.0,
                    0.0,
                    0.0,
                    0.0,
                    0.0,
                    0.0,
                    0.0
                ],
                [
                    0.0,
                    0.0,
                    0.0,
                    0.0,
                    0.0,
                    0.0,
                    0.0,
                    0.0,
                    0.0,
                    0.0,
                    0.0,
                    0.0,
                    0.0,
                    0.0,
                    0.0,
                    0.0,
                    0.0,
                    0.0,
                    0.0,
                    0.0
                ],
                [
                    0.0,
                    0.0,
                    0.0,
                    0.0,
                    0.0,
                    0.0,
                    0.0,
                    0.0,
                    0.0,
                    0.0,
                    0.0,
                    0.0,
                    0.0,
                    0.0,
                    0.0,
                    0.0,
                    0.0,
                    0.0,
                    0.0,
                    0.0
                ],
                [
                    0.0,
                    0.0,
                    0.0,
                    0.0,
                    1.0,
                    1.0,
                    0.0,
                    1.0,
                    1.0,
                    0.0,
                    0.0,
                    0.0,
                    0.0,
                    0.0,
                    0.0,
                    0.0,
                    0.0,
                    0.0,
                    0.0,
                    0.0
                ],
                [
                    0.0,
                    0.0,
                    0.0,
                    1.0,
                    1.0,
                    1.0,
                    1.0,
                    1.0,
                    1.0,
                    1.0,
                    1.0,
                    0.0,
                    0.0,
                    0.0,
                    0.0,
                    0.0,
                    0.0,
                    0.0,
                    0.0,
                    0.0
                ],
                [
                    0.0,
                    0.0,
                    0.0,
                    1.0,
                    1.0,
                    1.0,
                    1.0,
                    1.0,
                    2.0,
                    3.0,
                    2.0,
                    1.0,
                    1.0,
                    0.0,
                    0.0,
                    0.0,
                    0.0,
                    0.0,
                    0.0,
                    0.0
                ],
                [
                    0.0,
                    0.0,
                    0.0,
                    0.0,
                    1.0,
                    2.0,
                    2.0,
                    2.0,
                    2.0,
                    5.0,
                    3.0,
                    2.0,
                    1.0,
                    0.0,
                    0.0,
                    0.0,
                    0.0,
                    0.0,
                    0.0,
                    0.0
                ],
                [
                    0.0,
                    0.0,
                    0.0,
                    0.0,
                    1.0,
                    3.0,
                    3.0,
                    3.0,
                    2.0,
                    4.0,
                    4.0,
                    2.0,
                    0.0,
                    0.0,
                    0.0,
                    0.0,
                    0.0,
                    0.0,
                    0.0,
                    0.0
                ],
                [
                    0.0,
                    0.0,
                    0.0,
                    0.0,
                    2.0,
                    3.0,
                    0.0,
                    0.0,
                    0.0,
                    3.0,
                    3.0,
                    1.0,
                    0.0,
                    0.0,
                    0.0,
                    0.0,
                    0.0,
                    0.0,
                    0.0,
                    0.0
                ],
                [
                    0.0,
                    0.0,
                    0.0,
                    0.0,
                    3.0,
                    3.0,
                    0.0,
                    0.0,
                    0.0,
                    3.0,
                    3.0,
                    0.0,
                    0.0,
                    0.0,
                    0.0,
                    0.0,
                    0.0,
                    0.0,
                    0.0,
                    0.0
                ],
                [
                    0.0,
                    0.0,
                    0.0,
                    1.0,
                    4.0,
                    4.0,
                    1.0,
                    0.0,
                    0.0,
                    1.0,
                    1.0,
                    1.0,
                    0.0,
                    0.0,
                    0.0,
                    0.0,
                    0.0,
                    0.0,
                    0.0,
                    0.0
                ],
                [
                    0.0,
                    0.0,
                    1.0,
                    3.0,
                    5.0,
                    4.0,
                    1.0,
                    0.0,
                    0.0,
                    0.0,
                    0.0,
                    0.0,
                    0.0,
                    0.0,
                    0.0,
                    0.0,
                    0.0,
                    0.0,
                    0.0,
                    0.0
                ],
                [
                    0.0,
                    0.0,
                    2.0,
                    2.0,
                    3.0,
                    2.0,
                    1.0,
                    0.0,
                    0.0,
                    0.0,
                    0.0,
                    0.0,
                    0.0,
                    0.0,
                    0.0,
                    0.0,
                    0.0,
                    0.0,
                    0.0,
                    0.0
                ],
                [
                    0.0,
                    0.0,
                    2.0,
                    2.0,
                    2.0,
                    1.0,
                    0.0,
                    0.0,
                    0.0,
                    0.0,
                    0.0,
                    0.0,
                    0.0,
                    0.0,
                    0.0,
                    0.0,
                    0.0,
                    0.0,
                    0.0,
                    0.0
                ],
                [
                    0.0,
                    0.0,
                    1.0,
                    1.0,
                    1.0,
                    0.0,
                    0.0,
                    0.0,
                    0.0,
                    0.0,
                    0.0,
                    0.0,
                    0.0,
                    0.0,
                    0.0,
                    0.0,
                    0.0,
                    0.0,
                    0.0,
                    0.0
                ],
                [
                    0.0,
                    0.0,
                    0.0,
                    0.0,
                    0.0,
                    0.0,
                    0.0,
                    0.0,
                    0.0,
                    0.0,
                    0.0,
                    0.0,
                    0.0,
                    0.0,
                    0.0,
                    0.0,
                    0.0,
                    0.0,
                    0.0,
                    0.0
                ],
                [
                    0.0,
                    0.0,
                    0.0,
                    0.0,
                    0.0,
                    0.0,
                    0.0,
                    0.0,
                    0.0,
                    0.0,
                    0.0,
                    0.0,
                    0.0,
                    0.0,
                    0.0,
                    0.0,
                    0.0,
                    0.0,
                    0.0,
                    0.0
                ]
            ]
        },
        {
            "microserviceId": "m3",
            "ramRequirement": 4.0,
            "cpuRequirement": 4.0,
            "replicationIndex": 3,
            "heatmap": [
                [
                    0.0,
                    0.0,
                    0.0,
                    0.0,
                    0.0,
                    0.0,
                    0.0,
                    0.0,
                    0.0,
                    0.0,
                    0.0,
                    0.0,
                    0.0,
                    0.0,
                    0.0,
                    0.0,
                    0.0,
                    0.0,
                    0.0,
                    0.0
                ],
                [
                    0.0,
                    0.0,
                    0.0,
                    0.0,
                    0.0,
                    0.0,
                    0.0,
                    0.0,
                    0.0,
                    0.0,
                    0.0,
                    0.0,
                    0.0,
                    0.0,
                    0.0,
                    0.0,
                    0.0,
                    0.0,
                    0.0,
                    0.0
                ],
                [
                    0.0,
                    0.0,
                    0.0,
                    0.0,
                    0.0,
                    0.0,
                    0.0,
                    0.0,
                    0.0,
                    0.0,
                    0.0,
                    0.0,
                    0.0,
                    0.0,
                    0.0,
                    0.0,
                    0.0,
                    0.0,
                    0.0,
                    0.0
                ],
                [
                    0.0,
                    0.0,
                    0.0,
                    0.0,
                    0.0,
                    0.0,
                    0.0,
                    0.0,
                    0.0,
                    0.0,
                    0.0,
                    0.0,
                    0.0,
                    0.0,
                    0.0,
                    0.0,
                    0.0,
                    0.0,
                    0.0,
                    0.0
                ],
                [
                    0.0,
                    0.0,
                    0.0,
                    0.0,
                    0.0,
                    0.0,
                    0.0,
                    0.0,
                    0.0,
                    0.0,
                    0.0,
                    0.0,
                    0.0,
                    1.0,
                    1.0,
                    0.0,
                    0.0,
                    0.0,
                    0.0,
                    0.0
                ],
                [
                    0.0,
                    0.0,
                    0.0,
                    0.0,
                    0.0,
                    0.0,
                    0.0,
                    0.0,
                    0.0,
                    0.0,
                    0.0,
                    0.0,
                    1.0,
                    1.0,
                    2.0,
                    2.0,
                    1.0,
                    0.0,
                    0.0,
                    0.0
                ],
                [
                    0.0,
                    0.0,
                    0.0,
                    0.0,
                    0.0,
                    0.0,
                    0.0,
                    1.0,
                    2.0,
                    1.0,
                    0.0,
                    0.0,
                    0.0,
                    2.0,
                    4.0,
                    4.0,
                    2.0,
                    1.0,
                    0.0,
                    0.0
                ],
                [
                    0.0,
                    0.0,
                    0.0,
                    0.0,
                    0.0,
                    0.0,
                    0.0,
                    2.0,
                    4.0,
                    2.0,
                    0.0,
                    0.0,
                    2.0,
                    4.0,
                    5.0,
                    4.0,
                    2.0,
                    1.0,
                    0.0,
                    0.0
                ],
                [
                    0.0,
                    0.0,
                    0.0,
                    0.0,
                    0.0,
                    0.0,
                    1.0,
                    2.0,
                    3.0,
                    3.0,
                    4.0,
                    3.0,
                    2.0,
                    4.0,
                    4.0,
                    2.0,
                    0.0,
                    1.0,
                    0.0,
                    0.0
                ],
                [
                    0.0,
                    0.0,
                    0.0,
                    0.0,
                    0.0,
                    0.0,
                    1.0,
                    2.0,
                    3.0,
                    2.0,
                    4.0,
                    5.0,
                    4.0,
                    2.0,
                    3.0,
                    1.0,
                    0.0,
                    1.0,
                    0.0,
                    0.0
                ],
                [
                    0.0,
                    0.0,
                    0.0,
                    0.0,
                    0.0,
                    0.0,
                    0.0,
                    1.0,
                    1.0,
                    2.0,
                    2.0,
                    4.0,
                    0.0,
                    2.0,
                    1.0,
                    0.0,
                    0.0,
                    0.0,
                    0.0,
                    0.0
                ],
                [
                    0.0,
                    0.0,
                    0.0,
                    0.0,
                    0.0,
                    0.0,
                    0.0,
                    0.0,
                    0.0,
                    1.0,
                    2.0,
                    1.0,
                    0.0,
                    1.0,
                    1.0,
                    0.0,
                    0.0,
                    0.0,
                    0.0,
                    0.0
                ],
                [
                    0.0,
                    0.0,
                    0.0,
                    0.0,
                    0.0,
                    0.0,
                    0.0,
                    0.0,
                    0.0,
                    0.0,
                    0.0,
                    0.0,
                    0.0,
                    0.0,
                    0.0,
                    0.0,
                    0.0,
                    0.0,
                    0.0,
                    0.0
                ],
                [
                    0.0,
                    0.0,
                    0.0,
                    0.0,
                    0.0,
                    0.0,
                    0.0,
                    0.0,
                    0.0,
                    0.0,
                    0.0,
                    0.0,
                    0.0,
                    0.0,
                    0.0,
                    0.0,
                    0.0,
                    0.0,
                    0.0,
                    0.0
                ],
                [
                    0.0,
                    0.0,
                    0.0,
                    0.0,
                    0.0,
                    0.0,
                    0.0,
                    0.0,
                    0.0,
                    0.0,
                    0.0,
                    0.0,
                    0.0,
                    0.0,
                    0.0,
                    0.0,
                    0.0,
                    0.0,
                    0.0,
                    0.0
                ],
                [
                    0.0,
                    0.0,
                    0.0,
                    0.0,
                    0.0,
                    0.0,
                    0.0,
                    0.0,
                    0.0,
                    0.0,
                    0.0,
                    0.0,
                    0.0,
                    0.0,
                    0.0,
                    0.0,
                    0.0,
                    0.0,
                    0.0,
                    0.0
                ],
                [
                    0.0,
                    0.0,
                    0.0,
                    0.0,
                    0.0,
                    0.0,
                    0.0,
                    0.0,
                    0.0,
                    0.0,
                    0.0,
                    0.0,
                    0.0,
                    0.0,
                    0.0,
                    0.0,
                    0.0,
                    0.0,
                    0.0,
                    0.0
                ],
                [
                    0.0,
                    0.0,
                    0.0,
                    0.0,
                    0.0,
                    0.0,
                    0.0,
                    0.0,
                    0.0,
                    0.0,
                    0.0,
                    0.0,
                    0.0,
                    0.0,
                    0.0,
                    0.0,
                    0.0,
                    0.0,
                    0.0,
                    0.0
                ],
                [
                    0.0,
                    0.0,
                    0.0,
                    0.0,
                    0.0,
                    0.0,
                    0.0,
                    0.0,
                    0.0,
                    0.0,
                    0.0,
                    0.0,
                    0.0,
                    0.0,
                    0.0,
                    0.0,
                    0.0,
                    0.0,
                    0.0,
                    0.0
                ],
                [
                    0.0,
                    0.0,
                    0.0,
                    0.0,
                    0.0,
                    0.0,
                    0.0,
                    0.0,
                    0.0,
                    0.0,
                    0.0,
                    0.0,
                    0.0,
                    0.0,
                    0.0,
                    0.0,
                    0.0,
                    0.0,
                    0.0,
                    0.0
                ]
            ]
        }
    ]
}