{
    "scenarioName": "prueba_grande_000",
    "shape": [
        25,
        25
    ],
    "backgroundImg": "/home/santiago/Documents/Trabajo/Workspace/GLOMIM/glomim_v1/AuxImages/Elysium_city_final.png",
    "uavList": [
        {
            "uavId": "uav_00_12",
            "position": [
                0,
                12
            ],
            "ramCapacity": 4.0,
            "ramAllocated": 0.0,
            "cpuCapacity": 4.0,
            "cpuAllocated": 0.0,
            "microservices": []
        },
        {
            "uavId": "uav_00_11",
            "position": [
                0,
                11
            ],
            "ramCapacity": 4.0,
            "ramAllocated": 0.0,
            "cpuCapacity": 4.0,
            "cpuAllocated": 0.0,
            "microservices": []
        },
        {
            "uavId": "uav_01_11",
            "position": [
                1,
                11
            ],
            "ramCapacity": 4.0,
            "ramAllocated": 0.0,
            "cpuCapacity": 4.0,
            "cpuAllocated": 0.0,
            "microservices": []
        },
        {
            "uavId": "uav_02_11",
            "position": [
                2,
                11
            ],
            "ramCapacity": 4.0,
            "ramAllocated": 0.0,
            "cpuCapacity": 4.0,
            "cpuAllocated": 0.0,
            "microservices": []
        },
        {
            "uavId": "uav_03_11",
            "position": [
                3,
                11
            ],
            "ramCapacity": 4.0,
            "ramAllocated": 0.0,
            "cpuCapacity": 4.0,
            "cpuAllocated": 0.0,
            "microservices": []
        },
        {
            "uavId": "uav_03_12",
            "position": [
                3,
                12
            ],
            "ramCapacity": 4.0,
            "ramAllocated": 0.0,
            "cpuCapacity": 4.0,
            "cpuAllocated": 0.0,
            "microservices": []
        },
        {
            "uavId": "uav_04_12",
            "position": [
                4,
                12
            ],
            "ramCapacity": 4.0,
            "ramAllocated": 0.0,
            "cpuCapacity": 4.0,
            "cpuAllocated": 0.0,
            "microservices": []
        },
        {
            "uavId": "uav_04_13",
            "position": [
                4,
                13
            ],
            "ramCapacity": 4.0,
            "ramAllocated": 0.0,
            "cpuCapacity": 4.0,
            "cpuAllocated": 0.0,
            "microservices": []
        },
        {
            "uavId": "uav_05_14",
            "position": [
                5,
                14
            ],
            "ramCapacity": 4.0,
            "ramAllocated": 0.0,
            "cpuCapacity": 4.0,
            "cpuAllocated": 0.0,
            "microservices": []
        },
        {
            "uavId": "uav_04_14",
            "position": [
                4,
                14
            ],
            "ramCapacity": 4.0,
            "ramAllocated": 0.0,
            "cpuCapacity": 4.0,
            "cpuAllocated": 0.0,
            "microservices": []
        },
        {
            "uavId": "uav_05_15",
            "position": [
                5,
                15
            ],
            "ramCapacity": 4.0,
            "ramAllocated": 0.0,
            "cpuCapacity": 4.0,
            "cpuAllocated": 0.0,
            "microservices": []
        },
        {
            "uavId": "uav_05_16",
            "position": [
                5,
                16
            ],
            "ramCapacity": 4.0,
            "ramAllocated": 0.0,
            "cpuCapacity": 4.0,
            "cpuAllocated": 0.0,
            "microservices": []
        },
        {
            "uavId": "uav_04_16",
            "position": [
                4,
                16
            ],
            "ramCapacity": 4.0,
            "ramAllocated": 0.0,
            "cpuCapacity": 4.0,
            "cpuAllocated": 0.0,
            "microservices": []
        },
        {
            "uavId": "uav_04_17",
            "position": [
                4,
                17
            ],
            "ramCapacity": 4.0,
            "ramAllocated": 0.0,
            "cpuCapacity": 4.0,
            "cpuAllocated": 0.0,
            "microservices": []
        },
        {
            "uavId": "uav_05_17",
            "position": [
                5,
                17
            ],
            "ramCapacity": 4.0,
            "ramAllocated": 0.0,
            "cpuCapacity": 4.0,
            "cpuAllocated": 0.0,
            "microservices": []
        },
        {
            "uavId": "uav_05_18",
            "position": [
                5,
                18
            ],
            "ramCapacity": 4.0,
            "ramAllocated": 0.0,
            "cpuCapacity": 4.0,
            "cpuAllocated": 0.0,
            "microservices": []
        },
        {
            "uavId": "uav_06_19",
            "position": [
                6,
                19
            ],
            "ramCapacity": 4.0,
            "ramAllocated": 0.0,
            "cpuCapacity": 4.0,
            "cpuAllocated": 0.0,
            "microservices": []
        },
        {
            "uavId": "uav_05_19",
            "position": [
                5,
                19
            ],
            "ramCapacity": 4.0,
            "ramAllocated": 0.0,
            "cpuCapacity": 4.0,
            "cpuAllocated": 0.0,
            "microservices": []
        },
        {
            "uavId": "uav_06_20",
            "position": [
                6,
                20
            ],
            "ramCapacity": 4.0,
            "ramAllocated": 0.0,
            "cpuCapacity": 4.0,
            "cpuAllocated": 0.0,
            "microservices": []
        },
        {
            "uavId": "uav_07_21",
            "position": [
                7,
                21
            ],
            "ramCapacity": 4.0,
            "ramAllocated": 0.0,
            "cpuCapacity": 4.0,
            "cpuAllocated": 0.0,
            "microservices": []
        },
        {
            "uavId": "uav_06_21",
            "position": [
                6,
                21
            ],
            "ramCapacity": 4.0,
            "ramAllocated": 0.0,
            "cpuCapacity": 4.0,
            "cpuAllocated": 0.0,
            "microservices": []
        },
        {
            "uavId": "uav_07_20",
            "position": [
                7,
                20
            ],
            "ramCapacity": 4.0,
            "ramAllocated": 0.0,
            "cpuCapacity": 4.0,
            "cpuAllocated": 0.0,
            "microservices": []
        },
        {
            "uavId": "uav_08_21",
            "position": [
                8,
                21
            ],
            "ramCapacity": 4.0,
            "ramAllocated": 0.0,
            "cpuCapacity": 4.0,
            "cpuAllocated": 0.0,
            "microservices": []
        },
        {
            "uavId": "uav_04_11",
            "position": [
                4,
                11
            ],
            "ramCapacity": 4.0,
            "ramAllocated": 0.0,
            "cpuCapacity": 4.0,
            "cpuAllocated": 0.0,
            "microservices": []
        },
        {
            "uavId": "uav_04_10",
            "position": [
                4,
                10
            ],
            "ramCapacity": 4.0,
            "ramAllocated": 0.0,
            "cpuCapacity": 4.0,
            "cpuAllocated": 0.0,
            "microservices": []
        },
        {
            "uavId": "uav_04_09",
            "position": [
                4,
                9
            ],
            "ramCapacity": 4.0,
            "ramAllocated": 0.0,
            "cpuCapacity": 4.0,
            "cpuAllocated": 0.0,
            "microservices": []
        },
        {
            "uavId": "uav_05_08",
            "position": [
                5,
                8
            ],
            "ramCapacity": 4.0,
            "ramAllocated": 0.0,
            "cpuCapacity": 4.0,
            "cpuAllocated": 0.0,
            "microservices": []
        },
        {
            "uavId": "uav_04_08",
            "position": [
                4,
                8
            ],
            "ramCapacity": 4.0,
            "ramAllocated": 0.0,
            "cpuCapacity": 4.0,
            "cpuAllocated": 0.0,
            "microservices": []
        },
        {
            "uavId": "uav_05_07",
            "position": [
                5,
                7
            ],
            "ramCapacity": 4.0,
            "ramAllocated": 0.0,
            "cpuCapacity": 4.0,
            "cpuAllocated": 0.0,
            "microservices": []
        },
        {
            "uavId": "uav_05_06",
            "position": [
                5,
                6
            ],
            "ramCapacity": 4.0,
            "ramAllocated": 0.0,
            "cpuCapacity": 4.0,
            "cpuAllocated": 0.0,
            "microservices": []
        },
        {
            "uavId": "uav_06_05",
            "position": [
                6,
                5
            ],
            "ramCapacity": 4.0,
            "ramAllocated": 0.0,
            "cpuCapacity": 4.0,
            "cpuAllocated": 0.0,
            "microservices": []
        },
        {
            "uavId": "uav_07_04",
            "position": [
                7,
                4
            ],
            "ramCapacity": 4.0,
            "ramAllocated": 0.0,
            "cpuCapacity": 4.0,
            "cpuAllocated": 0.0,
            "microservices": []
        },
        {
            "uavId": "uav_07_05",
            "position": [
                7,
                5
            ],
            "ramCapacity": 4.0,
            "ramAllocated": 0.0,
            "cpuCapacity": 4.0,
            "cpuAllocated": 0.0,
            "microservices": []
        },
        {
            "uavId": "uav_06_06",
            "position": [
                6,
                6
            ],
            "ramCapacity": 4.0,
            "ramAllocated": 0.0,
            "cpuCapacity": 4.0,
            "cpuAllocated": 0.0,
            "microservices": []
        },
        {
            "uavId": "uav_07_06",
            "position": [
                7,
                6
            ],
            "ramCapacity": 4.0,
            "ramAllocated": 0.0,
            "cpuCapacity": 4.0,
            "cpuAllocated": 0.0,
            "microservices": []
        },
        {
            "uavId": "uav_06_07",
            "position": [
                6,
                7
            ],
            "ramCapacity": 4.0,
            "ramAllocated": 0.0,
            "cpuCapacity": 4.0,
            "cpuAllocated": 0.0,
            "microservices": []
        },
        {
            "uavId": "uav_07_07",
            "position": [
                7,
                7
            ],
            "ramCapacity": 4.0,
            "ramAllocated": 0.0,
            "cpuCapacity": 4.0,
            "cpuAllocated": 0.0,
            "microservices": []
        },
        {
            "uavId": "uav_07_08",
            "position": [
                7,
                8
            ],
            "ramCapacity": 4.0,
            "ramAllocated": 0.0,
            "cpuCapacity": 4.0,
            "cpuAllocated": 0.0,
            "microservices": []
        },
        {
            "uavId": "uav_06_08",
            "position": [
                6,
                8
            ],
            "ramCapacity": 4.0,
            "ramAllocated": 0.0,
            "cpuCapacity": 4.0,
            "cpuAllocated": 0.0,
            "microservices": []
        },
        {
            "uavId": "uav_06_09",
            "position": [
                6,
                9
            ],
            "ramCapacity": 4.0,
            "ramAllocated": 0.0,
            "cpuCapacity": 4.0,
            "cpuAllocated": 0.0,
            "microservices": []
        },
        {
            "uavId": "uav_05_09",
            "position": [
                5,
                9
            ],
            "ramCapacity": 4.0,
            "ramAllocated": 0.0,
            "cpuCapacity": 4.0,
            "cpuAllocated": 0.0,
            "microservices": []
        },
        {
            "uavId": "uav_05_10",
            "position": [
                5,
                10
            ],
            "ramCapacity": 4.0,
            "ramAllocated": 0.0,
            "cpuCapacity": 4.0,
            "cpuAllocated": 0.0,
            "microservices": []
        },
        {
            "uavId": "uav_06_10",
            "position": [
                6,
                10
            ],
            "ramCapacity": 4.0,
            "ramAllocated": 0.0,
            "cpuCapacity": 4.0,
            "cpuAllocated": 0.0,
            "microservices": []
        },
        {
            "uavId": "uav_07_10",
            "position": [
                7,
                10
            ],
            "ramCapacity": 4.0,
            "ramAllocated": 0.0,
            "cpuCapacity": 4.0,
            "cpuAllocated": 0.0,
            "microservices": []
        },
        {
            "uavId": "uav_07_09",
            "position": [
                7,
                9
            ],
            "ramCapacity": 4.0,
            "ramAllocated": 0.0,
            "cpuCapacity": 4.0,
            "cpuAllocated": 0.0,
            "microservices": []
        },
        {
            "uavId": "uav_05_11",
            "position": [
                5,
                11
            ],
            "ramCapacity": 4.0,
            "ramAllocated": 0.0,
            "cpuCapacity": 4.0,
            "cpuAllocated": 0.0,
            "microservices": []
        },
        {
            "uavId": "uav_06_11",
            "position": [
                6,
                11
            ],
            "ramCapacity": 4.0,
            "ramAllocated": 0.0,
            "cpuCapacity": 4.0,
            "cpuAllocated": 0.0,
            "microservices": []
        },
        {
            "uavId": "uav_07_11",
            "position": [
                7,
                11
            ],
            "ramCapacity": 4.0,
            "ramAllocated": 0.0,
            "cpuCapacity": 4.0,
            "cpuAllocated": 0.0,
            "microservices": []
        },
        {
            "uavId": "uav_06_16",
            "position": [
                6,
                16
            ],
            "ramCapacity": 4.0,
            "ramAllocated": 0.0,
            "cpuCapacity": 4.0,
            "cpuAllocated": 0.0,
            "microservices": []
        },
        {
            "uavId": "uav_06_17",
            "position": [
                6,
                17
            ],
            "ramCapacity": 4.0,
            "ramAllocated": 0.0,
            "cpuCapacity": 4.0,
            "cpuAllocated": 0.0,
            "microservices": []
        },
        {
            "uavId": "uav_06_18",
            "position": [
                6,
                18
            ],
            "ramCapacity": 4.0,
            "ramAllocated": 0.0,
            "cpuCapacity": 4.0,
            "cpuAllocated": 0.0,
            "microservices": []
        },
        {
            "uavId": "uav_07_19",
            "position": [
                7,
                19
            ],
            "ramCapacity": 4.0,
            "ramAllocated": 0.0,
            "cpuCapacity": 4.0,
            "cpuAllocated": 0.0,
            "microservices": []
        },
        {
            "uavId": "uav_07_18",
            "position": [
                7,
                18
            ],
            "ramCapacity": 4.0,
            "ramAllocated": 0.0,
            "cpuCapacity": 4.0,
            "cpuAllocated": 0.0,
            "microservices": []
        },
        {
            "uavId": "uav_07_17",
            "position": [
                7,
                17
            ],
            "ramCapacity": 4.0,
            "ramAllocated": 0.0,
            "cpuCapacity": 4.0,
            "cpuAllocated": 0.0,
            "microservices": []
        },
        {
            "uavId": "uav_07_16",
            "position": [
                7,
                16
            ],
            "ramCapacity": 4.0,
            "ramAllocated": 0.0,
            "cpuCapacity": 4.0,
            "cpuAllocated": 0.0,
            "microservices": []
        },
        {
            "uavId": "uav_08_16",
            "position": [
                8,
                16
            ],
            "ramCapacity": 4.0,
            "ramAllocated": 0.0,
            "cpuCapacity": 4.0,
            "cpuAllocated": 0.0,
            "microservices": []
        },
        {
            "uavId": "uav_08_17",
            "position": [
                8,
                17
            ],
            "ramCapacity": 4.0,
            "ramAllocated": 0.0,
            "cpuCapacity": 4.0,
            "cpuAllocated": 0.0,
            "microservices": []
        },
        {
            "uavId": "uav_08_18",
            "position": [
                8,
                18
            ],
            "ramCapacity": 4.0,
            "ramAllocated": 0.0,
            "cpuCapacity": 4.0,
            "cpuAllocated": 0.0,
            "microservices": []
        },
        {
            "uavId": "uav_08_19",
            "position": [
                8,
                19
            ],
            "ramCapacity": 4.0,
            "ramAllocated": 0.0,
            "cpuCapacity": 4.0,
            "cpuAllocated": 0.0,
            "microservices": []
        },
        {
            "uavId": "uav_08_20",
            "position": [
                8,
                20
            ],
            "ramCapacity": 4.0,
            "ramAllocated": 0.0,
            "cpuCapacity": 4.0,
            "cpuAllocated": 0.0,
            "microservices": []
        },
        {
            "uavId": "uav_09_21",
            "position": [
                9,
                21
            ],
            "ramCapacity": 4.0,
            "ramAllocated": 0.0,
            "cpuCapacity": 4.0,
            "cpuAllocated": 0.0,
            "microservices": []
        },
        {
            "uavId": "uav_09_22",
            "position": [
                9,
                22
            ],
            "ramCapacity": 4.0,
            "ramAllocated": 0.0,
            "cpuCapacity": 4.0,
            "cpuAllocated": 0.0,
            "microservices": []
        },
        {
            "uavId": "uav_10_22",
            "position": [
                10,
                22
            ],
            "ramCapacity": 4.0,
            "ramAllocated": 0.0,
            "cpuCapacity": 4.0,
            "cpuAllocated": 0.0,
            "microservices": []
        },
        {
            "uavId": "uav_10_21",
            "position": [
                10,
                21
            ],
            "ramCapacity": 4.0,
            "ramAllocated": 0.0,
            "cpuCapacity": 4.0,
            "cpuAllocated": 0.0,
            "microservices": []
        },
        {
            "uavId": "uav_11_21",
            "position": [
                11,
                21
            ],
            "ramCapacity": 4.0,
            "ramAllocated": 0.0,
            "cpuCapacity": 4.0,
            "cpuAllocated": 0.0,
            "microservices": []
        },
        {
            "uavId": "uav_11_19",
            "position": [
                11,
                19
            ],
            "ramCapacity": 4.0,
            "ramAllocated": 0.0,
            "cpuCapacity": 4.0,
            "cpuAllocated": 0.0,
            "microservices": []
        },
        {
            "uavId": "uav_10_19",
            "position": [
                10,
                19
            ],
            "ramCapacity": 4.0,
            "ramAllocated": 0.0,
            "cpuCapacity": 4.0,
            "cpuAllocated": 0.0,
            "microservices": []
        },
        {
            "uavId": "uav_09_19",
            "position": [
                9,
                19
            ],
            "ramCapacity": 4.0,
            "ramAllocated": 0.0,
            "cpuCapacity": 4.0,
            "cpuAllocated": 0.0,
            "microservices": []
        },
        {
            "uavId": "uav_09_20",
            "position": [
                9,
                20
            ],
            "ramCapacity": 4.0,
            "ramAllocated": 0.0,
            "cpuCapacity": 4.0,
            "cpuAllocated": 0.0,
            "microservices": []
        },
        {
            "uavId": "uav_09_18",
            "position": [
                9,
                18
            ],
            "ramCapacity": 4.0,
            "ramAllocated": 0.0,
            "cpuCapacity": 4.0,
            "cpuAllocated": 0.0,
            "microservices": []
        },
        {
            "uavId": "uav_10_18",
            "position": [
                10,
                18
            ],
            "ramCapacity": 4.0,
            "ramAllocated": 0.0,
            "cpuCapacity": 4.0,
            "cpuAllocated": 0.0,
            "microservices": []
        },
        {
            "uavId": "uav_11_17",
            "position": [
                11,
                17
            ],
            "ramCapacity": 4.0,
            "ramAllocated": 0.0,
            "cpuCapacity": 4.0,
            "cpuAllocated": 0.0,
            "microservices": []
        },
        {
            "uavId": "uav_11_18",
            "position": [
                11,
                18
            ],
            "ramCapacity": 4.0,
            "ramAllocated": 0.0,
            "cpuCapacity": 4.0,
            "cpuAllocated": 0.0,
            "microservices": []
        },
        {
            "uavId": "uav_12_18",
            "position": [
                12,
                18
            ],
            "ramCapacity": 4.0,
            "ramAllocated": 0.0,
            "cpuCapacity": 4.0,
            "cpuAllocated": 0.0,
            "microservices": []
        },
        {
            "uavId": "uav_12_19",
            "position": [
                12,
                19
            ],
            "ramCapacity": 4.0,
            "ramAllocated": 0.0,
            "cpuCapacity": 4.0,
            "cpuAllocated": 0.0,
            "microservices": []
        },
        {
            "uavId": "uav_13_18",
            "position": [
                13,
                18
            ],
            "ramCapacity": 4.0,
            "ramAllocated": 0.0,
            "cpuCapacity": 4.0,
            "cpuAllocated": 0.0,
            "microservices": []
        },
        {
            "uavId": "uav_12_17",
            "position": [
                12,
                17
            ],
            "ramCapacity": 4.0,
            "ramAllocated": 0.0,
            "cpuCapacity": 4.0,
            "cpuAllocated": 0.0,
            "microservices": []
        },
        {
            "uavId": "uav_13_17",
            "position": [
                13,
                17
            ],
            "ramCapacity": 4.0,
            "ramAllocated": 0.0,
            "cpuCapacity": 4.0,
            "cpuAllocated": 0.0,
            "microservices": []
        },
        {
            "uavId": "uav_13_16",
            "position": [
                13,
                16
            ],
            "ramCapacity": 4.0,
            "ramAllocated": 0.0,
            "cpuCapacity": 4.0,
            "cpuAllocated": 0.0,
            "microservices": []
        },
        {
            "uavId": "uav_14_16",
            "position": [
                14,
                16
            ],
            "ramCapacity": 4.0,
            "ramAllocated": 0.0,
            "cpuCapacity": 4.0,
            "cpuAllocated": 0.0,
            "microservices": []
        },
        {
            "uavId": "uav_14_17",
            "position": [
                14,
                17
            ],
            "ramCapacity": 4.0,
            "ramAllocated": 0.0,
            "cpuCapacity": 4.0,
            "cpuAllocated": 0.0,
            "microservices": []
        },
        {
            "uavId": "uav_14_18",
            "position": [
                14,
                18
            ],
            "ramCapacity": 4.0,
            "ramAllocated": 0.0,
            "cpuCapacity": 4.0,
            "cpuAllocated": 0.0,
            "microservices": []
        },
        {
            "uavId": "uav_15_16",
            "position": [
                15,
                16
            ],
            "ramCapacity": 4.0,
            "ramAllocated": 0.0,
            "cpuCapacity": 4.0,
            "cpuAllocated": 0.0,
            "microservices": []
        },
        {
            "uavId": "uav_15_17",
            "position": [
                15,
                17
            ],
            "ramCapacity": 4.0,
            "ramAllocated": 0.0,
            "cpuCapacity": 4.0,
            "cpuAllocated": 0.0,
            "microservices": []
        },
        {
            "uavId": "uav_09_16",
            "position": [
                9,
                16
            ],
            "ramCapacity": 4.0,
            "ramAllocated": 0.0,
            "cpuCapacity": 4.0,
            "cpuAllocated": 0.0,
            "microservices": []
        },
        {
            "uavId": "uav_10_16",
            "position": [
                10,
                16
            ],
            "ramCapacity": 4.0,
            "ramAllocated": 0.0,
            "cpuCapacity": 4.0,
            "cpuAllocated": 0.0,
            "microservices": []
        },
        {
            "uavId": "uav_10_15",
            "position": [
                10,
                15
            ],
            "ramCapacity": 4.0,
            "ramAllocated": 0.0,
            "cpuCapacity": 4.0,
            "cpuAllocated": 0.0,
            "microservices": []
        },
        {
            "uavId": "uav_09_15",
            "position": [
                9,
                15
            ],
            "ramCapacity": 4.0,
            "ramAllocated": 0.0,
            "cpuCapacity": 4.0,
            "cpuAllocated": 0.0,
            "microservices": []
        },
        {
            "uavId": "uav_10_14",
            "position": [
                10,
                14
            ],
            "ramCapacity": 4.0,
            "ramAllocated": 0.0,
            "cpuCapacity": 4.0,
            "cpuAllocated": 0.0,
            "microservices": []
        },
        {
            "uavId": "uav_10_13",
            "position": [
                10,
                13
            ],
            "ramCapacity": 4.0,
            "ramAllocated": 0.0,
            "cpuCapacity": 4.0,
            "cpuAllocated": 0.0,
            "microservices": []
        },
        {
            "uavId": "uav_08_12",
            "position": [
                8,
                12
            ],
            "ramCapacity": 4.0,
            "ramAllocated": 0.0,
            "cpuCapacity": 4.0,
            "cpuAllocated": 0.0,
            "microservices": []
        },
        {
            "uavId": "uav_08_04",
            "position": [
                8,
                4
            ],
            "ramCapacity": 4.0,
            "ramAllocated": 0.0,
            "cpuCapacity": 4.0,
            "cpuAllocated": 0.0,
            "microservices": []
        },
        {
            "uavId": "uav_08_05",
            "position": [
                8,
                5
            ],
            "ramCapacity": 4.0,
            "ramAllocated": 0.0,
            "cpuCapacity": 4.0,
            "cpuAllocated": 0.0,
            "microservices": []
        },
        {
            "uavId": "uav_08_06",
            "position": [
                8,
                6
            ],
            "ramCapacity": 4.0,
            "ramAllocated": 0.0,
            "cpuCapacity": 4.0,
            "cpuAllocated": 0.0,
            "microservices": []
        },
        {
            "uavId": "uav_08_07",
            "position": [
                8,
                7
            ],
            "ramCapacity": 4.0,
            "ramAllocated": 0.0,
            "cpuCapacity": 4.0,
            "cpuAllocated": 0.0,
            "microservices": []
        },
        {
            "uavId": "uav_08_08",
            "position": [
                8,
                8
            ],
            "ramCapacity": 4.0,
            "ramAllocated": 0.0,
            "cpuCapacity": 4.0,
            "cpuAllocated": 0.0,
            "microservices": []
        },
        {
            "uavId": "uav_08_09",
            "position": [
                8,
                9
            ],
            "ramCapacity": 4.0,
            "ramAllocated": 0.0,
            "cpuCapacity": 4.0,
            "cpuAllocated": 0.0,
            "microservices": []
        },
        {
            "uavId": "uav_08_10",
            "position": [
                8,
                10
            ],
            "ramCapacity": 4.0,
            "ramAllocated": 0.0,
            "cpuCapacity": 4.0,
            "cpuAllocated": 0.0,
            "microservices": []
        },
        {
            "uavId": "uav_09_11",
            "position": [
                9,
                11
            ],
            "ramCapacity": 4.0,
            "ramAllocated": 0.0,
            "cpuCapacity": 4.0,
            "cpuAllocated": 0.0,
            "microservices": []
        },
        {
            "uavId": "uav_08_11",
            "position": [
                8,
                11
            ],
            "ramCapacity": 4.0,
            "ramAllocated": 0.0,
            "cpuCapacity": 4.0,
            "cpuAllocated": 0.0,
            "microservices": []
        },
        {
            "uavId": "uav_09_04",
            "position": [
                9,
                4
            ],
            "ramCapacity": 4.0,
            "ramAllocated": 0.0,
            "cpuCapacity": 4.0,
            "cpuAllocated": 0.0,
            "microservices": []
        },
        {
            "uavId": "uav_09_05",
            "position": [
                9,
                5
            ],
            "ramCapacity": 4.0,
            "ramAllocated": 0.0,
            "cpuCapacity": 4.0,
            "cpuAllocated": 0.0,
            "microservices": []
        },
        {
            "uavId": "uav_10_04",
            "position": [
                10,
                4
            ],
            "ramCapacity": 4.0,
            "ramAllocated": 0.0,
            "cpuCapacity": 4.0,
            "cpuAllocated": 0.0,
            "microservices": []
        },
        {
            "uavId": "uav_10_05",
            "position": [
                10,
                5
            ],
            "ramCapacity": 4.0,
            "ramAllocated": 0.0,
            "cpuCapacity": 4.0,
            "cpuAllocated": 0.0,
            "microservices": []
        },
        {
            "uavId": "uav_11_05",
            "position": [
                11,
                5
            ],
            "ramCapacity": 4.0,
            "ramAllocated": 0.0,
            "cpuCapacity": 4.0,
            "cpuAllocated": 0.0,
            "microservices": []
        },
        {
            "uavId": "uav_09_07",
            "position": [
                9,
                7
            ],
            "ramCapacity": 4.0,
            "ramAllocated": 0.0,
            "cpuCapacity": 4.0,
            "cpuAllocated": 0.0,
            "microservices": []
        },
        {
            "uavId": "uav_09_08",
            "position": [
                9,
                8
            ],
            "ramCapacity": 4.0,
            "ramAllocated": 0.0,
            "cpuCapacity": 4.0,
            "cpuAllocated": 0.0,
            "microservices": []
        },
        {
            "uavId": "uav_09_09",
            "position": [
                9,
                9
            ],
            "ramCapacity": 4.0,
            "ramAllocated": 0.0,
            "cpuCapacity": 4.0,
            "cpuAllocated": 0.0,
            "microservices": []
        },
        {
            "uavId": "uav_09_10",
            "position": [
                9,
                10
            ],
            "ramCapacity": 4.0,
            "ramAllocated": 0.0,
            "cpuCapacity": 4.0,
            "cpuAllocated": 0.0,
            "microservices": []
        },
        {
            "uavId": "uav_10_10",
            "position": [
                10,
                10
            ],
            "ramCapacity": 4.0,
            "ramAllocated": 0.0,
            "cpuCapacity": 4.0,
            "cpuAllocated": 0.0,
            "microservices": []
        },
        {
            "uavId": "uav_10_11",
            "position": [
                10,
                11
            ],
            "ramCapacity": 4.0,
            "ramAllocated": 0.0,
            "cpuCapacity": 4.0,
            "cpuAllocated": 0.0,
            "microservices": []
        },
        {
            "uavId": "uav_11_11",
            "position": [
                11,
                11
            ],
            "ramCapacity": 4.0,
            "ramAllocated": 0.0,
            "cpuCapacity": 4.0,
            "cpuAllocated": 0.0,
            "microservices": []
        },
        {
            "uavId": "uav_10_12",
            "position": [
                10,
                12
            ],
            "ramCapacity": 4.0,
            "ramAllocated": 0.0,
            "cpuCapacity": 4.0,
            "cpuAllocated": 0.0,
            "microservices": []
        },
        {
            "uavId": "uav_09_12",
            "position": [
                9,
                12
            ],
            "ramCapacity": 4.0,
            "ramAllocated": 0.0,
            "cpuCapacity": 4.0,
            "cpuAllocated": 0.0,
            "microservices": []
        },
        {
            "uavId": "uav_09_13",
            "position": [
                9,
                13
            ],
            "ramCapacity": 4.0,
            "ramAllocated": 0.0,
            "cpuCapacity": 4.0,
            "cpuAllocated": 0.0,
            "microservices": []
        },
        {
            "uavId": "uav_11_14",
            "position": [
                11,
                14
            ],
            "ramCapacity": 4.0,
            "ramAllocated": 0.0,
            "cpuCapacity": 4.0,
            "cpuAllocated": 0.0,
            "microservices": []
        },
        {
            "uavId": "uav_11_15",
            "position": [
                11,
                15
            ],
            "ramCapacity": 4.0,
            "ramAllocated": 0.0,
            "cpuCapacity": 4.0,
            "cpuAllocated": 0.0,
            "microservices": []
        },
        {
            "uavId": "uav_12_15",
            "position": [
                12,
                15
            ],
            "ramCapacity": 4.0,
            "ramAllocated": 0.0,
            "cpuCapacity": 4.0,
            "cpuAllocated": 0.0,
            "microservices": []
        },
        {
            "uavId": "uav_12_14",
            "position": [
                12,
                14
            ],
            "ramCapacity": 4.0,
            "ramAllocated": 0.0,
            "cpuCapacity": 4.0,
            "cpuAllocated": 0.0,
            "microservices": []
        },
        {
            "uavId": "uav_11_13",
            "position": [
                11,
                13
            ],
            "ramCapacity": 4.0,
            "ramAllocated": 0.0,
            "cpuCapacity": 4.0,
            "cpuAllocated": 0.0,
            "microservices": []
        },
        {
            "uavId": "uav_11_12",
            "position": [
                11,
                12
            ],
            "ramCapacity": 4.0,
            "ramAllocated": 0.0,
            "cpuCapacity": 4.0,
            "cpuAllocated": 0.0,
            "microservices": []
        },
        {
            "uavId": "uav_10_09",
            "position": [
                10,
                9
            ],
            "ramCapacity": 4.0,
            "ramAllocated": 0.0,
            "cpuCapacity": 4.0,
            "cpuAllocated": 0.0,
            "microservices": []
        },
        {
            "uavId": "uav_10_07",
            "position": [
                10,
                7
            ],
            "ramCapacity": 4.0,
            "ramAllocated": 0.0,
            "cpuCapacity": 4.0,
            "cpuAllocated": 0.0,
            "microservices": []
        },
        {
            "uavId": "uav_11_07",
            "position": [
                11,
                7
            ],
            "ramCapacity": 4.0,
            "ramAllocated": 0.0,
            "cpuCapacity": 4.0,
            "cpuAllocated": 0.0,
            "microservices": []
        },
        {
            "uavId": "uav_10_08",
            "position": [
                10,
                8
            ],
            "ramCapacity": 4.0,
            "ramAllocated": 0.0,
            "cpuCapacity": 4.0,
            "cpuAllocated": 0.0,
            "microservices": []
        },
        {
            "uavId": "uav_11_08",
            "position": [
                11,
                8
            ],
            "ramCapacity": 4.0,
            "ramAllocated": 0.0,
            "cpuCapacity": 4.0,
            "cpuAllocated": 0.0,
            "microservices": []
        },
        {
            "uavId": "uav_11_09",
            "position": [
                11,
                9
            ],
            "ramCapacity": 4.0,
            "ramAllocated": 0.0,
            "cpuCapacity": 4.0,
            "cpuAllocated": 0.0,
            "microservices": []
        },
        {
            "uavId": "uav_12_07",
            "position": [
                12,
                7
            ],
            "ramCapacity": 4.0,
            "ramAllocated": 0.0,
            "cpuCapacity": 4.0,
            "cpuAllocated": 0.0,
            "microservices": []
        },
        {
            "uavId": "uav_12_08",
            "position": [
                12,
                8
            ],
            "ramCapacity": 4.0,
            "ramAllocated": 0.0,
            "cpuCapacity": 4.0,
            "cpuAllocated": 0.0,
            "microservices": []
        },
        {
            "uavId": "uav_12_09",
            "position": [
                12,
                9
            ],
            "ramCapacity": 4.0,
            "ramAllocated": 0.0,
            "cpuCapacity": 4.0,
            "cpuAllocated": 0.0,
            "microservices": []
        },
        {
            "uavId": "uav_12_10",
            "position": [
                12,
                10
            ],
            "ramCapacity": 4.0,
            "ramAllocated": 0.0,
            "cpuCapacity": 4.0,
            "cpuAllocated": 0.0,
            "microservices": []
        },
        {
            "uavId": "uav_11_10",
            "position": [
                11,
                10
            ],
            "ramCapacity": 4.0,
            "ramAllocated": 0.0,
            "cpuCapacity": 4.0,
            "cpuAllocated": 0.0,
            "microservices": []
        },
        {
            "uavId": "uav_13_10",
            "position": [
                13,
                10
            ],
            "ramCapacity": 4.0,
            "ramAllocated": 0.0,
            "cpuCapacity": 4.0,
            "cpuAllocated": 0.0,
            "microservices": []
        },
        {
            "uavId": "uav_13_09",
            "position": [
                13,
                9
            ],
            "ramCapacity": 4.0,
            "ramAllocated": 0.0,
            "cpuCapacity": 4.0,
            "cpuAllocated": 0.0,
            "microservices": []
        },
        {
            "uavId": "uav_13_08",
            "position": [
                13,
                8
            ],
            "ramCapacity": 4.0,
            "ramAllocated": 0.0,
            "cpuCapacity": 4.0,
            "cpuAllocated": 0.0,
            "microservices": []
        },
        {
            "uavId": "uav_12_11",
            "position": [
                12,
                11
            ],
            "ramCapacity": 4.0,
            "ramAllocated": 0.0,
            "cpuCapacity": 4.0,
            "cpuAllocated": 0.0,
            "microservices": []
        },
        {
            "uavId": "uav_12_12",
            "position": [
                12,
                12
            ],
            "ramCapacity": 4.0,
            "ramAllocated": 0.0,
            "cpuCapacity": 4.0,
            "cpuAllocated": 0.0,
            "microservices": []
        },
        {
            "uavId": "uav_12_13",
            "position": [
                12,
                13
            ],
            "ramCapacity": 4.0,
            "ramAllocated": 0.0,
            "cpuCapacity": 4.0,
            "cpuAllocated": 0.0,
            "microservices": []
        },
        {
            "uavId": "uav_13_12",
            "position": [
                13,
                12
            ],
            "ramCapacity": 4.0,
            "ramAllocated": 0.0,
            "cpuCapacity": 4.0,
            "cpuAllocated": 0.0,
            "microservices": []
        },
        {
            "uavId": "uav_13_11",
            "position": [
                13,
                11
            ],
            "ramCapacity": 4.0,
            "ramAllocated": 0.0,
            "cpuCapacity": 4.0,
            "cpuAllocated": 0.0,
            "microservices": []
        },
        {
            "uavId": "uav_14_11",
            "position": [
                14,
                11
            ],
            "ramCapacity": 4.0,
            "ramAllocated": 0.0,
            "cpuCapacity": 4.0,
            "cpuAllocated": 0.0,
            "microservices": []
        },
        {
            "uavId": "uav_15_11",
            "position": [
                15,
                11
            ],
            "ramCapacity": 4.0,
            "ramAllocated": 0.0,
            "cpuCapacity": 4.0,
            "cpuAllocated": 0.0,
            "microservices": []
        },
        {
            "uavId": "uav_14_12",
            "position": [
                14,
                12
            ],
            "ramCapacity": 4.0,
            "ramAllocated": 0.0,
            "cpuCapacity": 4.0,
            "cpuAllocated": 0.0,
            "microservices": []
        },
        {
            "uavId": "uav_15_12",
            "position": [
                15,
                12
            ],
            "ramCapacity": 4.0,
            "ramAllocated": 0.0,
            "cpuCapacity": 4.0,
            "cpuAllocated": 0.0,
            "microservices": []
        },
        {
            "uavId": "uav_15_13",
            "position": [
                15,
                13
            ],
            "ramCapacity": 4.0,
            "ramAllocated": 0.0,
            "cpuCapacity": 4.0,
            "cpuAllocated": 0.0,
            "microservices": []
        },
        {
            "uavId": "uav_14_13",
            "position": [
                14,
                13
            ],
            "ramCapacity": 4.0,
            "ramAllocated": 0.0,
            "cpuCapacity": 4.0,
            "cpuAllocated": 0.0,
            "microservices": []
        },
        {
            "uavId": "uav_13_14",
            "position": [
                13,
                14
            ],
            "ramCapacity": 4.0,
            "ramAllocated": 0.0,
            "cpuCapacity": 4.0,
            "cpuAllocated": 0.0,
            "microservices": []
        },
        {
            "uavId": "uav_14_14",
            "position": [
                14,
                14
            ],
            "ramCapacity": 4.0,
            "ramAllocated": 0.0,
            "cpuCapacity": 4.0,
            "cpuAllocated": 0.0,
            "microservices": []
        },
        {
            "uavId": "uav_16_13",
            "position": [
                16,
                13
            ],
            "ramCapacity": 4.0,
            "ramAllocated": 0.0,
            "cpuCapacity": 4.0,
            "cpuAllocated": 0.0,
            "microservices": []
        },
        {
            "uavId": "uav_16_12",
            "position": [
                16,
                12
            ],
            "ramCapacity": 4.0,
            "ramAllocated": 0.0,
            "cpuCapacity": 4.0,
            "cpuAllocated": 0.0,
            "microservices": []
        },
        {
            "uavId": "uav_17_12",
            "position": [
                17,
                12
            ],
            "ramCapacity": 4.0,
            "ramAllocated": 0.0,
            "cpuCapacity": 4.0,
            "cpuAllocated": 0.0,
            "microservices": []
        },
        {
            "uavId": "uav_12_05",
            "position": [
                12,
                5
            ],
            "ramCapacity": 4.0,
            "ramAllocated": 0.0,
            "cpuCapacity": 4.0,
            "cpuAllocated": 0.0,
            "microservices": []
        },
        {
            "uavId": "uav_12_06",
            "position": [
                12,
                6
            ],
            "ramCapacity": 4.0,
            "ramAllocated": 0.0,
            "cpuCapacity": 4.0,
            "cpuAllocated": 0.0,
            "microservices": []
        },
        {
            "uavId": "uav_13_05",
            "position": [
                13,
                5
            ],
            "ramCapacity": 4.0,
            "ramAllocated": 0.0,
            "cpuCapacity": 4.0,
            "cpuAllocated": 0.0,
            "microservices": []
        },
        {
            "uavId": "uav_13_06",
            "position": [
                13,
                6
            ],
            "ramCapacity": 4.0,
            "ramAllocated": 0.0,
            "cpuCapacity": 4.0,
            "cpuAllocated": 0.0,
            "microservices": []
        },
        {
            "uavId": "uav_14_06",
            "position": [
                14,
                6
            ],
            "ramCapacity": 4.0,
            "ramAllocated": 0.0,
            "cpuCapacity": 4.0,
            "cpuAllocated": 0.0,
            "microservices": []
        },
        {
            "uavId": "uav_14_07",
            "position": [
                14,
                7
            ],
            "ramCapacity": 4.0,
            "ramAllocated": 0.0,
            "cpuCapacity": 4.0,
            "cpuAllocated": 0.0,
            "microservices": []
        },
        {
            "uavId": "uav_15_07",
            "position": [
                15,
                7
            ],
            "ramCapacity": 4.0,
            "ramAllocated": 0.0,
            "cpuCapacity": 4.0,
            "cpuAllocated": 0.0,
            "microservices": []
        },
        {
            "uavId": "uav_16_07",
            "position": [
                16,
                7
            ],
            "ramCapacity": 4.0,
            "ramAllocated": 0.0,
            "cpuCapacity": 4.0,
            "cpuAllocated": 0.0,
            "microservices": []
        },
        {
            "uavId": "uav_16_06",
            "position": [
                16,
                6
            ],
            "ramCapacity": 4.0,
            "ramAllocated": 0.0,
            "cpuCapacity": 4.0,
            "cpuAllocated": 0.0,
            "microservices": []
        },
        {
            "uavId": "uav_15_06",
            "position": [
                15,
                6
            ],
            "ramCapacity": 4.0,
            "ramAllocated": 0.0,
            "cpuCapacity": 4.0,
            "cpuAllocated": 0.0,
            "microservices": []
        },
        {
            "uavId": "uav_16_05",
            "position": [
                16,
                5
            ],
            "ramCapacity": 4.0,
            "ramAllocated": 0.0,
            "cpuCapacity": 4.0,
            "cpuAllocated": 0.0,
            "microservices": []
        },
        {
            "uavId": "uav_17_05",
            "position": [
                17,
                5
            ],
            "ramCapacity": 4.0,
            "ramAllocated": 0.0,
            "cpuCapacity": 4.0,
            "cpuAllocated": 0.0,
            "microservices": []
        },
        {
            "uavId": "uav_17_06",
            "position": [
                17,
                6
            ],
            "ramCapacity": 4.0,
            "ramAllocated": 0.0,
            "cpuCapacity": 4.0,
            "cpuAllocated": 0.0,
            "microservices": []
        },
        {
            "uavId": "uav_17_07",
            "position": [
                17,
                7
            ],
            "ramCapacity": 4.0,
            "ramAllocated": 0.0,
            "cpuCapacity": 4.0,
            "cpuAllocated": 0.0,
            "microservices": []
        },
        {
            "uavId": "uav_17_08",
            "position": [
                17,
                8
            ],
            "ramCapacity": 4.0,
            "ramAllocated": 0.0,
            "cpuCapacity": 4.0,
            "cpuAllocated": 0.0,
            "microservices": []
        },
        {
            "uavId": "uav_16_08",
            "position": [
                16,
                8
            ],
            "ramCapacity": 4.0,
            "ramAllocated": 0.0,
            "cpuCapacity": 4.0,
            "cpuAllocated": 0.0,
            "microservices": []
        },
        {
            "uavId": "uav_17_04",
            "position": [
                17,
                4
            ],
            "ramCapacity": 4.0,
            "ramAllocated": 0.0,
            "cpuCapacity": 4.0,
            "cpuAllocated": 0.0,
            "microservices": []
        },
        {
            "uavId": "uav_18_03",
            "position": [
                18,
                3
            ],
            "ramCapacity": 4.0,
            "ramAllocated": 0.0,
            "cpuCapacity": 4.0,
            "cpuAllocated": 0.0,
            "microservices": []
        },
        {
            "uavId": "uav_19_03",
            "position": [
                19,
                3
            ],
            "ramCapacity": 4.0,
            "ramAllocated": 0.0,
            "cpuCapacity": 4.0,
            "cpuAllocated": 0.0,
            "microservices": []
        },
        {
            "uavId": "uav_18_04",
            "position": [
                18,
                4
            ],
            "ramCapacity": 4.0,
            "ramAllocated": 0.0,
            "cpuCapacity": 4.0,
            "cpuAllocated": 0.0,
            "microservices": []
        },
        {
            "uavId": "uav_18_05",
            "position": [
                18,
                5
            ],
            "ramCapacity": 4.0,
            "ramAllocated": 0.0,
            "cpuCapacity": 4.0,
            "cpuAllocated": 0.0,
            "microservices": []
        },
        {
            "uavId": "uav_18_06",
            "position": [
                18,
                6
            ],
            "ramCapacity": 4.0,
            "ramAllocated": 0.0,
            "cpuCapacity": 4.0,
            "cpuAllocated": 0.0,
            "microservices": []
        },
        {
            "uavId": "uav_18_07",
            "position": [
                18,
                7
            ],
            "ramCapacity": 4.0,
            "ramAllocated": 0.0,
            "cpuCapacity": 4.0,
            "cpuAllocated": 0.0,
            "microservices": []
        },
        {
            "uavId": "uav_18_08",
            "position": [
                18,
                8
            ],
            "ramCapacity": 4.0,
            "ramAllocated": 0.0,
            "cpuCapacity": 4.0,
            "cpuAllocated": 0.0,
            "microservices": []
        },
        {
            "uavId": "uav_19_07",
            "position": [
                19,
                7
            ],
            "ramCapacity": 4.0,
            "ramAllocated": 0.0,
            "cpuCapacity": 4.0,
            "cpuAllocated": 0.0,
            "microservices": []
        },
        {
            "uavId": "uav_19_08",
            "position": [
                19,
                8
            ],
            "ramCapacity": 4.0,
            "ramAllocated": 0.0,
            "cpuCapacity": 4.0,
            "cpuAllocated": 0.0,
            "microservices": []
        },
        {
            "uavId": "uav_19_06",
            "position": [
                19,
                6
            ],
            "ramCapacity": 4.0,
            "ramAllocated": 0.0,
            "cpuCapacity": 4.0,
            "cpuAllocated": 0.0,
            "microservices": []
        },
        {
            "uavId": "uav_19_05",
            "position": [
                19,
                5
            ],
            "ramCapacity": 4.0,
            "ramAllocated": 0.0,
            "cpuCapacity": 4.0,
            "cpuAllocated": 0.0,
            "microservices": []
        },
        {
            "uavId": "uav_19_04",
            "position": [
                19,
                4
            ],
            "ramCapacity": 4.0,
            "ramAllocated": 0.0,
            "cpuCapacity": 4.0,
            "cpuAllocated": 0.0,
            "microservices": []
        },
        {
            "uavId": "uav_20_03",
            "position": [
                20,
                3
            ],
            "ramCapacity": 4.0,
            "ramAllocated": 0.0,
            "cpuCapacity": 4.0,
            "cpuAllocated": 0.0,
            "microservices": []
        },
        {
            "uavId": "uav_20_04",
            "position": [
                20,
                4
            ],
            "ramCapacity": 4.0,
            "ramAllocated": 0.0,
            "cpuCapacity": 4.0,
            "cpuAllocated": 0.0,
            "microservices": []
        },
        {
            "uavId": "uav_20_05",
            "position": [
                20,
                5
            ],
            "ramCapacity": 4.0,
            "ramAllocated": 0.0,
            "cpuCapacity": 4.0,
            "cpuAllocated": 0.0,
            "microservices": []
        },
        {
            "uavId": "uav_20_06",
            "position": [
                20,
                6
            ],
            "ramCapacity": 4.0,
            "ramAllocated": 0.0,
            "cpuCapacity": 4.0,
            "cpuAllocated": 0.0,
            "microservices": []
        },
        {
            "uavId": "uav_21_06",
            "position": [
                21,
                6
            ],
            "ramCapacity": 4.0,
            "ramAllocated": 0.0,
            "cpuCapacity": 4.0,
            "cpuAllocated": 0.0,
            "microservices": []
        },
        {
            "uavId": "uav_21_05",
            "position": [
                21,
                5
            ],
            "ramCapacity": 4.0,
            "ramAllocated": 0.0,
            "cpuCapacity": 4.0,
            "cpuAllocated": 0.0,
            "microservices": []
        },
        {
            "uavId": "uav_21_04",
            "position": [
                21,
                4
            ],
            "ramCapacity": 4.0,
            "ramAllocated": 0.0,
            "cpuCapacity": 4.0,
            "cpuAllocated": 0.0,
            "microservices": []
        },
        {
            "uavId": "uav_21_03",
            "position": [
                21,
                3
            ],
            "ramCapacity": 4.0,
            "ramAllocated": 0.0,
            "cpuCapacity": 4.0,
            "cpuAllocated": 0.0,
            "microservices": []
        },
        {
            "uavId": "uav_21_02",
            "position": [
                21,
                2
            ],
            "ramCapacity": 4.0,
            "ramAllocated": 0.0,
            "cpuCapacity": 4.0,
            "cpuAllocated": 0.0,
            "microservices": []
        },
        {
            "uavId": "uav_22_03",
            "position": [
                22,
                3
            ],
            "ramCapacity": 4.0,
            "ramAllocated": 0.0,
            "cpuCapacity": 4.0,
            "cpuAllocated": 0.0,
            "microservices": []
        },
        {
            "uavId": "uav_22_04",
            "position": [
                22,
                4
            ],
            "ramCapacity": 4.0,
            "ramAllocated": 0.0,
            "cpuCapacity": 4.0,
            "cpuAllocated": 0.0,
            "microservices": []
        },
        {
            "uavId": "uav_22_05",
            "position": [
                22,
                5
            ],
            "ramCapacity": 4.0,
            "ramAllocated": 0.0,
            "cpuCapacity": 4.0,
            "cpuAllocated": 0.0,
            "microservices": []
        },
        {
            "uavId": "uav_23_05",
            "position": [
                23,
                5
            ],
            "ramCapacity": 4.0,
            "ramAllocated": 0.0,
            "cpuCapacity": 4.0,
            "cpuAllocated": 0.0,
            "microservices": []
        },
        {
            "uavId": "uav_12_22",
            "position": [
                12,
                22
            ],
            "ramCapacity": 4.0,
            "ramAllocated": 0.0,
            "cpuCapacity": 4.0,
            "cpuAllocated": 0.0,
            "microservices": []
        },
        {
            "uavId": "uav_13_22",
            "position": [
                13,
                22
            ],
            "ramCapacity": 4.0,
            "ramAllocated": 0.0,
            "cpuCapacity": 4.0,
            "cpuAllocated": 0.0,
            "microservices": []
        },
        {
            "uavId": "uav_14_22",
            "position": [
                14,
                22
            ],
            "ramCapacity": 4.0,
            "ramAllocated": 0.0,
            "cpuCapacity": 4.0,
            "cpuAllocated": 0.0,
            "microservices": []
        },
        {
            "uavId": "uav_13_21",
            "position": [
                13,
                21
            ],
            "ramCapacity": 4.0,
            "ramAllocated": 0.0,
            "cpuCapacity": 4.0,
            "cpuAllocated": 0.0,
            "microservices": []
        },
        {
            "uavId": "uav_12_21",
            "position": [
                12,
                21
            ],
            "ramCapacity": 4.0,
            "ramAllocated": 0.0,
            "cpuCapacity": 4.0,
            "cpuAllocated": 0.0,
            "microservices": []
        },
        {
            "uavId": "uav_13_20",
            "position": [
                13,
                20
            ],
            "ramCapacity": 4.0,
            "ramAllocated": 0.0,
            "cpuCapacity": 4.0,
            "cpuAllocated": 0.0,
            "microservices": []
        },
        {
            "uavId": "uav_14_20",
            "position": [
                14,
                20
            ],
            "ramCapacity": 4.0,
            "ramAllocated": 0.0,
            "cpuCapacity": 4.0,
            "cpuAllocated": 0.0,
            "microservices": []
        },
        {
            "uavId": "uav_14_21",
            "position": [
                14,
                21
            ],
            "ramCapacity": 4.0,
            "ramAllocated": 0.0,
            "cpuCapacity": 4.0,
            "cpuAllocated": 0.0,
            "microservices": []
        },
        {
            "uavId": "uav_14_19",
            "position": [
                14,
                19
            ],
            "ramCapacity": 4.0,
            "ramAllocated": 0.0,
            "cpuCapacity": 4.0,
            "cpuAllocated": 0.0,
            "microservices": []
        },
        {
            "uavId": "uav_15_18",
            "position": [
                15,
                18
            ],
            "ramCapacity": 4.0,
            "ramAllocated": 0.0,
            "cpuCapacity": 4.0,
            "cpuAllocated": 0.0,
            "microservices": []
        },
        {
            "uavId": "uav_16_17",
            "position": [
                16,
                17
            ],
            "ramCapacity": 4.0,
            "ramAllocated": 0.0,
            "cpuCapacity": 4.0,
            "cpuAllocated": 0.0,
            "microservices": []
        },
        {
            "uavId": "uav_23_06",
            "position": [
                23,
                6
            ],
            "ramCapacity": 4.0,
            "ramAllocated": 0.0,
            "cpuCapacity": 4.0,
            "cpuAllocated": 0.0,
            "microservices": []
        },
        {
            "uavId": "uav_22_06",
            "position": [
                22,
                6
            ],
            "ramCapacity": 4.0,
            "ramAllocated": 0.0,
            "cpuCapacity": 4.0,
            "cpuAllocated": 0.0,
            "microservices": []
        },
        {
            "uavId": "uav_22_07",
            "position": [
                22,
                7
            ],
            "ramCapacity": 4.0,
            "ramAllocated": 0.0,
            "cpuCapacity": 4.0,
            "cpuAllocated": 0.0,
            "microservices": []
        },
        {
            "uavId": "uav_21_07",
            "position": [
                21,
                7
            ],
            "ramCapacity": 4.0,
            "ramAllocated": 0.0,
            "cpuCapacity": 4.0,
            "cpuAllocated": 0.0,
            "microservices": []
        },
        {
            "uavId": "uav_21_08",
            "position": [
                21,
                8
            ],
            "ramCapacity": 4.0,
            "ramAllocated": 0.0,
            "cpuCapacity": 4.0,
            "cpuAllocated": 0.0,
            "microservices": []
        },
        {
            "uavId": "uav_20_08",
            "position": [
                20,
                8
            ],
            "ramCapacity": 4.0,
            "ramAllocated": 0.0,
            "cpuCapacity": 4.0,
            "cpuAllocated": 0.0,
            "microservices": []
        },
        {
            "uavId": "uav_20_09",
            "position": [
                20,
                9
            ],
            "ramCapacity": 4.0,
            "ramAllocated": 0.0,
            "cpuCapacity": 4.0,
            "cpuAllocated": 0.0,
            "microservices": []
        },
        {
            "uavId": "uav_19_09",
            "position": [
                19,
                9
            ],
            "ramCapacity": 4.0,
            "ramAllocated": 0.0,
            "cpuCapacity": 4.0,
            "cpuAllocated": 0.0,
            "microservices": []
        },
        {
            "uavId": "uav_18_12",
            "position": [
                18,
                12
            ],
            "ramCapacity": 4.0,
            "ramAllocated": 0.0,
            "cpuCapacity": 4.0,
            "cpuAllocated": 0.0,
            "microservices": []
        },
        {
            "uavId": "uav_18_13",
            "position": [
                18,
                13
            ],
            "ramCapacity": 4.0,
            "ramAllocated": 0.0,
            "cpuCapacity": 4.0,
            "cpuAllocated": 0.0,
            "microservices": []
        },
        {
            "uavId": "uav_17_13",
            "position": [
                17,
                13
            ],
            "ramCapacity": 4.0,
            "ramAllocated": 0.0,
            "cpuCapacity": 4.0,
            "cpuAllocated": 0.0,
            "microservices": []
        },
        {
            "uavId": "uav_17_14",
            "position": [
                17,
                14
            ],
            "ramCapacity": 4.0,
            "ramAllocated": 0.0,
            "cpuCapacity": 4.0,
            "cpuAllocated": 0.0,
            "microservices": []
        },
        {
            "uavId": "uav_17_15",
            "position": [
                17,
                15
            ],
            "ramCapacity": 4.0,
            "ramAllocated": 0.0,
            "cpuCapacity": 4.0,
            "cpuAllocated": 0.0,
            "microservices": []
        },
        {
            "uavId": "uav_16_16",
            "position": [
                16,
                16
            ],
            "ramCapacity": 4.0,
            "ramAllocated": 0.0,
            "cpuCapacity": 4.0,
            "cpuAllocated": 0.0,
            "microservices": []
        },
        {
            "uavId": "uav_17_16",
            "position": [
                17,
                16
            ],
            "ramCapacity": 4.0,
            "ramAllocated": 0.0,
            "cpuCapacity": 4.0,
            "cpuAllocated": 0.0,
            "microservices": []
        },
        {
            "uavId": "uav_18_15",
            "position": [
                18,
                15
            ],
            "ramCapacity": 4.0,
            "ramAllocated": 0.0,
            "cpuCapacity": 4.0,
            "cpuAllocated": 0.0,
            "microservices": []
        },
        {
            "uavId": "uav_18_14",
            "position": [
                18,
                14
            ],
            "ramCapacity": 4.0,
            "ramAllocated": 0.0,
            "cpuCapacity": 4.0,
            "cpuAllocated": 0.0,
            "microservices": []
        },
        {
            "uavId": "uav_19_10",
            "position": [
                19,
                10
            ],
            "ramCapacity": 4.0,
            "ramAllocated": 0.0,
            "cpuCapacity": 4.0,
            "cpuAllocated": 0.0,
            "microservices": []
        },
        {
            "uavId": "uav_18_11",
            "position": [
                18,
                11
            ],
            "ramCapacity": 4.0,
            "ramAllocated": 0.0,
            "cpuCapacity": 4.0,
            "cpuAllocated": 0.0,
            "microservices": []
        },
        {
            "uavId": "uav_17_10",
            "position": [
                17,
                10
            ],
            "ramCapacity": 4.0,
            "ramAllocated": 0.0,
            "cpuCapacity": 4.0,
            "cpuAllocated": 0.0,
            "microservices": []
        },
        {
            "uavId": "uav_17_11",
            "position": [
                17,
                11
            ],
            "ramCapacity": 4.0,
            "ramAllocated": 0.0,
            "cpuCapacity": 4.0,
            "cpuAllocated": 0.0,
            "microservices": []
        },
        {
            "uavId": "uav_16_10",
            "position": [
                16,
                10
            ],
            "ramCapacity": 4.0,
            "ramAllocated": 0.0,
            "cpuCapacity": 4.0,
            "cpuAllocated": 0.0,
            "microservices": []
        },
        {
            "uavId": "uav_15_09",
            "position": [
                15,
                9
            ],
            "ramCapacity": 4.0,
            "ramAllocated": 0.0,
            "cpuCapacity": 4.0,
            "cpuAllocated": 0.0,
            "microservices": []
        },
        {
            "uavId": "uav_16_09",
            "position": [
                16,
                9
            ],
            "ramCapacity": 4.0,
            "ramAllocated": 0.0,
            "cpuCapacity": 4.0,
            "cpuAllocated": 0.0,
            "microservices": []
        },
        {
            "uavId": "uav_18_10",
            "position": [
                18,
                10
            ],
            "ramCapacity": 4.0,
            "ramAllocated": 0.0,
            "cpuCapacity": 4.0,
            "cpuAllocated": 0.0,
            "microservices": []
        },
        {
            "uavId": "uav_18_09",
            "position": [
                18,
                9
            ],
            "ramCapacity": 4.0,
            "ramAllocated": 0.0,
            "cpuCapacity": 4.0,
            "cpuAllocated": 0.0,
            "microservices": []
        },
        {
            "uavId": "uav_15_14",
            "position": [
                15,
                14
            ],
            "ramCapacity": 4.0,
            "ramAllocated": 0.0,
            "cpuCapacity": 4.0,
            "cpuAllocated": 0.0,
            "microservices": []
        },
        {
            "uavId": "uav_15_15",
            "position": [
                15,
                15
            ],
            "ramCapacity": 4.0,
            "ramAllocated": 0.0,
            "cpuCapacity": 4.0,
            "cpuAllocated": 0.0,
            "microservices": []
        },
        {
            "uavId": "uav_16_14",
            "position": [
                16,
                14
            ],
            "ramCapacity": 4.0,
            "ramAllocated": 0.0,
            "cpuCapacity": 4.0,
            "cpuAllocated": 0.0,
            "microservices": []
        },
        {
            "uavId": "uav_14_15",
            "position": [
                14,
                15
            ],
            "ramCapacity": 4.0,
            "ramAllocated": 0.0,
            "cpuCapacity": 4.0,
            "cpuAllocated": 0.0,
            "microservices": []
        },
        {
            "uavId": "uav_15_23",
            "position": [
                15,
                23
            ],
            "ramCapacity": 4.0,
            "ramAllocated": 0.0,
            "cpuCapacity": 4.0,
            "cpuAllocated": 0.0,
            "microservices": []
        },
        {
            "uavId": "uav_14_23",
            "position": [
                14,
                23
            ],
            "ramCapacity": 4.0,
            "ramAllocated": 0.0,
            "cpuCapacity": 4.0,
            "cpuAllocated": 0.0,
            "microservices": []
        },
        {
            "uavId": "uav_15_22",
            "position": [
                15,
                22
            ],
            "ramCapacity": 4.0,
            "ramAllocated": 0.0,
            "cpuCapacity": 4.0,
            "cpuAllocated": 0.0,
            "microservices": []
        },
        {
            "uavId": "uav_16_21",
            "position": [
                16,
                21
            ],
            "ramCapacity": 4.0,
            "ramAllocated": 0.0,
            "cpuCapacity": 4.0,
            "cpuAllocated": 0.0,
            "microservices": []
        },
        {
            "uavId": "uav_17_21",
            "position": [
                17,
                21
            ],
            "ramCapacity": 4.0,
            "ramAllocated": 0.0,
            "cpuCapacity": 4.0,
            "cpuAllocated": 0.0,
            "microservices": []
        },
        {
            "uavId": "uav_17_20",
            "position": [
                17,
                20
            ],
            "ramCapacity": 4.0,
            "ramAllocated": 0.0,
            "cpuCapacity": 4.0,
            "cpuAllocated": 0.0,
            "microservices": []
        },
        {
            "uavId": "uav_18_20",
            "position": [
                18,
                20
            ],
            "ramCapacity": 4.0,
            "ramAllocated": 0.0,
            "cpuCapacity": 4.0,
            "cpuAllocated": 0.0,
            "microservices": []
        },
        {
            "uavId": "uav_19_21",
            "position": [
                19,
                21
            ],
            "ramCapacity": 4.0,
            "ramAllocated": 0.0,
            "cpuCapacity": 4.0,
            "cpuAllocated": 0.0,
            "microservices": []
        },
        {
            "uavId": "uav_19_20",
            "position": [
                19,
                20
            ],
            "ramCapacity": 4.0,
            "ramAllocated": 0.0,
            "cpuCapacity": 4.0,
            "cpuAllocated": 0.0,
            "microservices": []
        },
        {
            "uavId": "uav_20_21",
            "position": [
                20,
                21
            ],
            "ramCapacity": 4.0,
            "ramAllocated": 0.0,
            "cpuCapacity": 4.0,
            "cpuAllocated": 0.0,
            "microservices": []
        },
        {
            "uavId": "uav_20_22",
            "position": [
                20,
                22
            ],
            "ramCapacity": 4.0,
            "ramAllocated": 0.0,
            "cpuCapacity": 4.0,
            "cpuAllocated": 0.0,
            "microservices": []
        },
        {
            "uavId": "uav_21_22",
            "position": [
                21,
                22
            ],
            "ramCapacity": 4.0,
            "ramAllocated": 0.0,
            "cpuCapacity": 4.0,
            "cpuAllocated": 0.0,
            "microservices": []
        },
        {
            "uavId": "uav_21_21",
            "position": [
                21,
                21
            ],
            "ramCapacity": 4.0,
            "ramAllocated": 0.0,
            "cpuCapacity": 4.0,
            "cpuAllocated": 0.0,
            "microservices": []
        },
        {
            "uavId": "uav_22_21",
            "position": [
                22,
                21
            ],
            "ramCapacity": 4.0,
            "ramAllocated": 0.0,
            "cpuCapacity": 4.0,
            "cpuAllocated": 0.0,
            "microservices": []
        },
        {
            "uavId": "uav_22_20",
            "position": [
                22,
                20
            ],
            "ramCapacity": 4.0,
            "ramAllocated": 0.0,
            "cpuCapacity": 4.0,
            "cpuAllocated": 0.0,
            "microservices": []
        },
        {
            "uavId": "uav_23_20",
            "position": [
                23,
                20
            ],
            "ramCapacity": 4.0,
            "ramAllocated": 0.0,
            "cpuCapacity": 4.0,
            "cpuAllocated": 0.0,
            "microservices": []
        },
        {
            "uavId": "uav_24_21",
            "position": [
                24,
                21
            ],
            "ramCapacity": 4.0,
            "ramAllocated": 0.0,
            "cpuCapacity": 4.0,
            "cpuAllocated": 0.0,
            "microservices": []
        },
        {
            "uavId": "uav_23_21",
            "position": [
                23,
                21
            ],
            "ramCapacity": 4.0,
            "ramAllocated": 0.0,
            "cpuCapacity": 4.0,
            "cpuAllocated": 0.0,
            "microservices": []
        }
    ],
    "microserviceList": []
}