{
    "T": 
        [10, 25],
    "D": 
        [
            [0, 1, 1, 1, 0, 0, 0, 0, 0, 0, 0, 0, 0, 0, 0, 0, 0, 0, 0, 0, 0, 0, 0, 0, 0],
            [0, 1, 1, 1, 1, 0, 0, 0, 0, 0, 0, 0, 0, 0, 0, 0, 0, 0, 0, 0, 0, 1, 1, 1, 0],
            [0, 0, 1, 1, 1, 0, 0, 0, 0, 0, 0, 0, 0, 0, 1, 1, 1, 1, 1, 1, 1, 1, 1, 1, 1],
            [0, 0, 0, 0, 1, 0, 0, 0, 0, 0, 0, 0, 1, 1, 1, 0, 0, 1, 1, 1, 1, 1, 1, 1, 1],
            [0, 0, 0, 0, 1, 0, 0, 0, 0, 0, 1, 1, 1, 0, 0, 0, 0, 1, 1, 1, 1, 1, 1, 1, 0],
            [0, 0, 0, 0, 1, 0, 0, 0, 1, 1, 1, 0, 0, 0, 0, 0, 0, 0, 0, 0, 1, 1, 0, 0, 0],
            [0, 1, 1, 1, 1, 1, 0, 0, 1, 1, 1, 1, 1, 0, 0, 0, 0, 0, 0, 0, 0, 0, 0, 0, 0],
            [0, 1, 1, 0, 1, 1, 1, 1, 1, 1, 1, 1, 1, 1, 0, 0, 0, 0, 0, 0, 0, 0, 0, 0, 0],
            [1, 1, 1, 0, 0, 0, 0, 1, 1, 1, 1, 1, 1, 1, 0, 0, 0, 0, 0, 0, 0, 0, 0, 0, 0],
            [0, 0, 0, 0, 0, 0, 0, 0, 0, 1, 1, 1, 1, 0, 0, 0, 0, 0, 0, 0, 0, 0, 0, 0, 0]
        ],
    "UAV": [
        {
            "uavId": "uav_00_01",
            "position": [0, 1],
            "ramCapacity": 4,
            "ramAllocated": 0,
            "cpuCapacity": 4,
            "cpuAllocated": 0,
            "microservices": []
        },
        {
            "uavId": "uav_00_02",
            "position": [0, 2],
            "ramCapacity": 4,
            "ramAllocated": 0,
            "cpuCapacity": 4,
            "cpuAllocated": 0,
            "microservices": []
        },
        {
            "uavId": "uav_00_03",
            "position": [0, 3],
            "ramCapacity": 4,
            "ramAllocated": 0,
            "cpuCapacity": 4,
            "cpuAllocated": 0,
            "microservices": []
        },
        {
            "uavId": "uav_01_01",
            "position": [1, 1],
            "ramCapacity": 4,
            "ramAllocated": 0,
            "cpuCapacity": 4,
            "cpuAllocated": 0,
            "microservices": []
        },
        {
            "uavId": "uav_01_02",
            "position": [1, 2],
            "ramCapacity": 4,
            "ramAllocated": 0,
            "cpuCapacity": 4,
            "cpuAllocated": 0,
            "microservices": []
        },
        {
            "uavId": "uav_01_03",
            "position": [1, 3],
            "ramCapacity": 4,
            "ramAllocated": 0,
            "cpuCapacity": 4,
            "cpuAllocated": 0,
            "microservices": []
        },
        {
            "uavId": "uav_01_04",
            "position": [1, 4],
            "ramCapacity": 4,
            "ramAllocated": 0,
            "cpuCapacity": 4,
            "cpuAllocated": 0,
            "microservices": []
        },
        {
            "uavId": "uav_01_21",
            "position": [1, 21],
            "ramCapacity": 4,
            "ramAllocated": 0,
            "cpuCapacity": 4,
            "cpuAllocated": 0,
            "microservices": []
        },
        {
            "uavId": "uav_01_22",
            "position": [1, 22],
            "ramCapacity": 4,
            "ramAllocated": 0,
            "cpuCapacity": 4,
            "cpuAllocated": 0,
            "microservices": []
        },
        {
            "uavId": "uav_01_23",
            "position": [1, 23],
            "ramCapacity": 4,
            "ramAllocated": 0,
            "cpuCapacity": 4,
            "cpuAllocated": 0,
            "microservices": []
        },
        {
            "uavId": "uav_02_02",
            "position": [2, 2],
            "ramCapacity": 4,
            "ramAllocated": 0,
            "cpuCapacity": 4,
            "cpuAllocated": 0,
            "microservices": []
        },
        {
            "uavId": "uav_02_03",
            "position": [2, 3],
            "ramCapacity": 4,
            "ramAllocated": 0,
            "cpuCapacity": 4,
            "cpuAllocated": 0,
            "microservices": []
        },
        {
            "uavId": "uav_02_04",
            "position": [2, 4],
            "ramCapacity": 4,
            "ramAllocated": 0,
            "cpuCapacity": 4,
            "cpuAllocated": 0,
            "microservices": []
        },
        {
            "uavId": "uav_02_14",
            "position": [2, 14],
            "ramCapacity": 4,
            "ramAllocated": 0,
            "cpuCapacity": 4,
            "cpuAllocated": 0,
            "microservices": []
        },
        {
            "uavId": "uav_02_15",
            "position": [2, 15],
            "ramCapacity": 4,
            "ramAllocated": 0,
            "cpuCapacity": 4,
            "cpuAllocated": 0,
            "microservices": []
        },
        {
            "uavId": "uav_02_16",
            "position": [2, 16],
            "ramCapacity": 4,
            "ramAllocated": 0,
            "cpuCapacity": 4,
            "cpuAllocated": 0,
            "microservices": []
        },
        {
            "uavId": "uav_02_17",
            "position": [2, 17],
            "ramCapacity": 4,
            "ramAllocated": 0,
            "cpuCapacity": 4,
            "cpuAllocated": 0,
            "microservices": []
        },
        {
            "uavId": "uav_02_18",
            "position": [2, 18],
            "ramCapacity": 4,
            "ramAllocated": 0,
            "cpuCapacity": 4,
            "cpuAllocated": 0,
            "microservices": []
        },
        {
            "uavId": "uav_02_19",
            "position": [2, 19],
            "ramCapacity": 4,
            "ramAllocated": 0,
            "cpuCapacity": 4,
            "cpuAllocated": 0,
            "microservices": []
        },
        {
            "uavId": "uav_02_20",
            "position": [2, 20],
            "ramCapacity": 4,
            "ramAllocated": 0,
            "cpuCapacity": 4,
            "cpuAllocated": 0,
            "microservices": []
        },
        {
            "uavId": "uav_02_21",
            "position": [2, 21],
            "ramCapacity": 4,
            "ramAllocated": 0,
            "cpuCapacity": 4,
            "cpuAllocated": 0,
            "microservices": []
        },
        {
            "uavId": "uav_02_22",
            "position": [2, 22],
            "ramCapacity": 4,
            "ramAllocated": 0,
            "cpuCapacity": 4,
            "cpuAllocated": 0,
            "microservices": []
        },
        {
            "uavId": "uav_02_23",
            "position": [2, 23],
            "ramCapacity": 4,
            "ramAllocated": 0,
            "cpuCapacity": 4,
            "cpuAllocated": 0,
            "microservices": []
        },
        {
            "uavId": "uav_02_24",
            "position": [2, 24],
            "ramCapacity": 4,
            "ramAllocated": 0,
            "cpuCapacity": 4,
            "cpuAllocated": 0,
            "microservices": []
        },
        {
            "uavId": "uav_03_04",
            "position": [3, 4],
            "ramCapacity": 4,
            "ramAllocated": 0,
            "cpuCapacity": 4,
            "cpuAllocated": 0,
            "microservices": []
        },
        {
            "uavId": "uav_03_12",
            "position": [3, 12],
            "ramCapacity": 4,
            "ramAllocated": 0,
            "cpuCapacity": 4,
            "cpuAllocated": 0,
            "microservices": []
        },
        {
            "uavId": "uav_03_13",
            "position": [3, 13],
            "ramCapacity": 4,
            "ramAllocated": 0,
            "cpuCapacity": 4,
            "cpuAllocated": 0,
            "microservices": []
        },
        {
            "uavId": "uav_03_14",
            "position": [3, 14],
            "ramCapacity": 4,
            "ramAllocated": 0,
            "cpuCapacity": 4,
            "cpuAllocated": 0,
            "microservices": []
        },
        {
            "uavId": "uav_03_17",
            "position": [3, 17],
            "ramCapacity": 4,
            "ramAllocated": 0,
            "cpuCapacity": 4,
            "cpuAllocated": 0,
            "microservices": []
        },
        {
            "uavId": "uav_03_18",
            "position": [3, 18],
            "ramCapacity": 4,
            "ramAllocated": 0,
            "cpuCapacity": 4,
            "cpuAllocated": 0,
            "microservices": []
        },
        {
            "uavId": "uav_03_19",
            "position": [3, 19],
            "ramCapacity": 4,
            "ramAllocated": 0,
            "cpuCapacity": 4,
            "cpuAllocated": 0,
            "microservices": []
        },
        {
            "uavId": "uav_03_20",
            "position": [3, 20],
            "ramCapacity": 4,
            "ramAllocated": 0,
            "cpuCapacity": 4,
            "cpuAllocated": 0,
            "microservices": []
        },
        {
            "uavId": "uav_03_21",
            "position": [3, 21],
            "ramCapacity": 4,
            "ramAllocated": 0,
            "cpuCapacity": 4,
            "cpuAllocated": 0,
            "microservices": []
        },
        {
            "uavId": "uav_03_22",
            "position": [3, 22],
            "ramCapacity": 4,
            "ramAllocated": 0,
            "cpuCapacity": 4,
            "cpuAllocated": 0,
            "microservices": []
        },
        {
            "uavId": "uav_03_23",
            "position": [3, 23],
            "ramCapacity": 4,
            "ramAllocated": 0,
            "cpuCapacity": 4,
            "cpuAllocated": 0,
            "microservices": []
        },
        {
            "uavId": "uav_03_24",
            "position": [3, 24],
            "ramCapacity": 4,
            "ramAllocated": 0,
            "cpuCapacity": 4,
            "cpuAllocated": 0,
            "microservices": []
        },
        {
            "uavId": "uav_04_04",
            "position": [4, 4],
            "ramCapacity": 4,
            "ramAllocated": 0,
            "cpuCapacity": 4,
            "cpuAllocated": 0,
            "microservices": []
        },
        {
            "uavId": "uav_04_10",
            "position": [4, 10],
            "ramCapacity": 4,
            "ramAllocated": 0,
            "cpuCapacity": 4,
            "cpuAllocated": 0,
            "microservices": []
        },
        {
            "uavId": "uav_04_11",
            "position": [4, 11],
            "ramCapacity": 4,
            "ramAllocated": 0,
            "cpuCapacity": 4,
            "cpuAllocated": 0,
            "microservices": []
        },
        {
            "uavId": "uav_04_12",
            "position": [4, 12],
            "ramCapacity": 4,
            "ramAllocated": 0,
            "cpuCapacity": 4,
            "cpuAllocated": 0,
            "microservices": []
        },
        {
            "uavId": "uav_04_17",
            "position": [4, 17],
            "ramCapacity": 4,
            "ramAllocated": 0,
            "cpuCapacity": 4,
            "cpuAllocated": 0,
            "microservices": []
        },
        {
            "uavId": "uav_04_18",
            "position": [4, 18],
            "ramCapacity": 4,
            "ramAllocated": 0,
            "cpuCapacity": 4,
            "cpuAllocated": 0,
            "microservices": []
        },
        {
            "uavId": "uav_04_19",
            "position": [4, 19],
            "ramCapacity": 4,
            "ramAllocated": 0,
            "cpuCapacity": 4,
            "cpuAllocated": 0,
            "microservices": []
        },
        {
            "uavId": "uav_04_20",
            "position": [4, 20],
            "ramCapacity": 4,
            "ramAllocated": 0,
            "cpuCapacity": 4,
            "cpuAllocated": 0,
            "microservices": []
        },
        {
            "uavId": "uav_04_21",
            "position": [4, 21],
            "ramCapacity": 4,
            "ramAllocated": 0,
            "cpuCapacity": 4,
            "cpuAllocated": 0,
            "microservices": []
        },
        {
            "uavId": "uav_04_22",
            "position": [4, 22],
            "ramCapacity": 4,
            "ramAllocated": 0,
            "cpuCapacity": 4,
            "cpuAllocated": 0,
            "microservices": []
        },
        {
            "uavId": "uav_04_23",
            "position": [4, 23],
            "ramCapacity": 4,
            "ramAllocated": 0,
            "cpuCapacity": 4,
            "cpuAllocated": 0,
            "microservices": []
        },
        {
            "uavId": "uav_05_04",
            "position": [5, 4],
            "ramCapacity": 4,
            "ramAllocated": 0,
            "cpuCapacity": 4,
            "cpuAllocated": 0,
            "microservices": []
        },
        {
            "uavId": "uav_05_04",
            "position": [5, 4],
            "ramCapacity": 4,
            "ramAllocated": 0,
            "cpuCapacity": 4,
            "cpuAllocated": 0,
            "microservices": []
        },
        {
            "uavId": "uav_05_08",
            "position": [5, 8],
            "ramCapacity": 4,
            "ramAllocated": 0,
            "cpuCapacity": 4,
            "cpuAllocated": 0,
            "microservices": []
        },
        {
            "uavId": "uav_05_09",
            "position": [5, 9],
            "ramCapacity": 4,
            "ramAllocated": 0,
            "cpuCapacity": 4,
            "cpuAllocated": 0,
            "microservices": []
        },
        {
            "uavId": "uav_05_10",
            "position": [5, 10],
            "ramCapacity": 4,
            "ramAllocated": 0,
            "cpuCapacity": 4,
            "cpuAllocated": 0,
            "microservices": []
        },
        {
            "uavId": "uav_05_20",
            "position": [5, 20],
            "ramCapacity": 4,
            "ramAllocated": 0,
            "cpuCapacity": 4,
            "cpuAllocated": 0,
            "microservices": []
        },
        {
            "uavId": "uav_05_21",
            "position": [5, 21],
            "ramCapacity": 4,
            "ramAllocated": 0,
            "cpuCapacity": 4,
            "cpuAllocated": 0,
            "microservices": []
        }, 
        {
            "uavId": "uav_06_01",
            "position": [6, 1],
            "ramCapacity": 4,
            "ramAllocated": 0,
            "cpuCapacity": 4,
            "cpuAllocated": 0,
            "microservices": []
        },
        {
            "uavId": "uav_06_02",
            "position": [6, 2],
            "ramCapacity": 4,
            "ramAllocated": 0,
            "cpuCapacity": 4,
            "cpuAllocated": 0,
            "microservices": []
        },
        {
            "uavId": "uav_06_03",
            "position": [6, 3],
            "ramCapacity": 4,
            "ramAllocated": 0,
            "cpuCapacity": 4,
            "cpuAllocated": 0,
            "microservices": []
        },
        {
            "uavId": "uav_06_04",
            "position": [6, 4],
            "ramCapacity": 4,
            "ramAllocated": 0,
            "cpuCapacity": 4,
            "cpuAllocated": 0,
            "microservices": []
        },
        {
            "uavId": "uav_06_05",
            "position": [6, 5],
            "ramCapacity": 4,
            "ramAllocated": 0,
            "cpuCapacity": 4,
            "cpuAllocated": 0,
            "microservices": []
        },
        {
            "uavId": "uav_06_08",
            "position": [6, 8],
            "ramCapacity": 4,
            "ramAllocated": 0,
            "cpuCapacity": 4,
            "cpuAllocated": 0,
            "microservices": []
        },
        {
            "uavId": "uav_06_09",
            "position": [6, 9],
            "ramCapacity": 4,
            "ramAllocated": 0,
            "cpuCapacity": 4,
            "cpuAllocated": 0,
            "microservices": []
        },
        {
            "uavId": "uav_06_10",
            "position": [6, 10],
            "ramCapacity": 4,
            "ramAllocated": 0,
            "cpuCapacity": 4,
            "cpuAllocated": 0,
            "microservices": []
        },
        {
            "uavId": "uav_06_11",
            "position": [6, 11],
            "ramCapacity": 4,
            "ramAllocated": 0,
            "cpuCapacity": 4,
            "cpuAllocated": 0,
            "microservices": []
        },
        {
            "uavId": "uav_06_12",
            "position": [6, 12],
            "ramCapacity": 4,
            "ramAllocated": 0,
            "cpuCapacity": 4,
            "cpuAllocated": 0,
            "microservices": []
        },
        {
            "uavId": "uav_07_01",
            "position": [7, 1],
            "ramCapacity": 4,
            "ramAllocated": 0,
            "cpuCapacity": 4,
            "cpuAllocated": 0,
            "microservices": []
        },
        {
            "uavId": "uav_07_02",
            "position": [7, 2],
            "ramCapacity": 4,
            "ramAllocated": 0,
            "cpuCapacity": 4,
            "cpuAllocated": 0,
            "microservices": []
        },
        {
            "uavId": "uav_07_04",
            "position": [7, 4],
            "ramCapacity": 4,
            "ramAllocated": 0,
            "cpuCapacity": 4,
            "cpuAllocated": 0,
            "microservices": []
        },
        {
            "uavId": "uav_07_05",
            "position": [7, 5],
            "ramCapacity": 4,
            "ramAllocated": 0,
            "cpuCapacity": 4,
            "cpuAllocated": 0,
            "microservices": []
        },
        {
            "uavId": "uav_07_06",
            "position": [7, 6],
            "ramCapacity": 4,
            "ramAllocated": 0,
            "cpuCapacity": 4,
            "cpuAllocated": 0,
            "microservices": []
        },
        {
            "uavId": "uav_07_07",
            "position": [7, 7],
            "ramCapacity": 4,
            "ramAllocated": 0,
            "cpuCapacity": 4,
            "cpuAllocated": 0,
            "microservices": []
        },
        {
            "uavId": "uav_07_08",
            "position": [7, 8],
            "ramCapacity": 4,
            "ramAllocated": 0,
            "cpuCapacity": 4,
            "cpuAllocated": 0,
            "microservices": []
        },
        {
            "uavId": "uav_07_09",
            "position": [7, 9],
            "ramCapacity": 4,
            "ramAllocated": 0,
            "cpuCapacity": 4,
            "cpuAllocated": 0,
            "microservices": []
        },
        {
            "uavId": "uav_07_10",
            "position": [7, 10],
            "ramCapacity": 4,
            "ramAllocated": 0,
            "cpuCapacity": 4,
            "cpuAllocated": 0,
            "microservices": []
        },
        {
            "uavId": "uav_07_11",
            "position": [7, 11],
            "ramCapacity": 4,
            "ramAllocated": 0,
            "cpuCapacity": 4,
            "cpuAllocated": 0,
            "microservices": []
        },
        {
            "uavId": "uav_07_12",
            "position": [7, 12],
            "ramCapacity": 4,
            "ramAllocated": 0,
            "cpuCapacity": 4,
            "cpuAllocated": 0,
            "microservices": []
        },
        {
            "uavId": "uav_07_13",
            "position": [7, 13],
            "ramCapacity": 4,
            "ramAllocated": 0,
            "cpuCapacity": 4,
            "cpuAllocated": 0,
            "microservices": []
        },
        {
            "uavId": "uav_08_00",
            "position": [8, 0],
            "ramCapacity": 4,
            "ramAllocated": 0,
            "cpuCapacity": 4,
            "cpuAllocated": 0,
            "microservices": []
        },        {
            "uavId": "uav_08_01",
            "position": [8, 1],
            "ramCapacity": 4,
            "ramAllocated": 0,
            "cpuCapacity": 4,
            "cpuAllocated": 0,
            "microservices": []
        },
        {
            "uavId": "uav_08_02",
            "position": [8, 2],
            "ramCapacity": 4,
            "ramAllocated": 0,
            "cpuCapacity": 4,
            "cpuAllocated": 0,
            "microservices": []
        },
        {
            "uavId": "uav_08_07",
            "position": [8, 7],
            "ramCapacity": 4,
            "ramAllocated": 0,
            "cpuCapacity": 4,
            "cpuAllocated": 0,
            "microservices": []
        },
        {
            "uavId": "uav_08_08",
            "position": [8, 8],
            "ramCapacity": 4,
            "ramAllocated": 0,
            "cpuCapacity": 4,
            "cpuAllocated": 0,
            "microservices": []
        },
        {
            "uavId": "uav_08_09",
            "position": [8, 9],
            "ramCapacity": 4,
            "ramAllocated": 0,
            "cpuCapacity": 4,
            "cpuAllocated": 0,
            "microservices": []
        },
        {
            "uavId": "uav_08_10",
            "position": [8, 10],
            "ramCapacity": 4,
            "ramAllocated": 0,
            "cpuCapacity": 4,
            "cpuAllocated": 0,
            "microservices": []
        },
        {
            "uavId": "uav_08_11",
            "position": [8, 11],
            "ramCapacity": 4,
            "ramAllocated": 0,
            "cpuCapacity": 4,
            "cpuAllocated": 0,
            "microservices": []
        },
        {
            "uavId": "uav_08_12",
            "position": [8, 12],
            "ramCapacity": 4,
            "ramAllocated": 0,
            "cpuCapacity": 4,
            "cpuAllocated": 0,
            "microservices": []
        },
        {
            "uavId": "uav_08_13",
            "position": [8, 13],
            "ramCapacity": 4,
            "ramAllocated": 0,
            "cpuCapacity": 4,
            "cpuAllocated": 0,
            "microservices": []
        },
        {
            "uavId": "uav_09_09",
            "position": [9, 9],
            "ramCapacity": 4,
            "ramAllocated": 0,
            "cpuCapacity": 4,
            "cpuAllocated": 0,
            "microservices": []
        },
        {
            "uavId": "uav_09_10",
            "position": [9, 10],
            "ramCapacity": 4,
            "ramAllocated": 0,
            "cpuCapacity": 4,
            "cpuAllocated": 0,
            "microservices": []
        },
        {
            "uavId": "uav_09_11",
            "position": [9, 11],
            "ramCapacity": 4,
            "ramAllocated": 0,
            "cpuCapacity": 4,
            "cpuAllocated": 0,
            "microservices": []
        },
        {
            "uavId": "uav_09_12",
            "position": [9, 12],
            "ramCapacity": 4,
            "ramAllocated": 0,
            "cpuCapacity": 4,
            "cpuAllocated": 0,
            "microservices": []
        },
    ],
    "Microservices":[
        {
            "name": "Video Recognition: medium resolution",
            "ramRequirement": 1.5,
            "cpuRequirement": 3,
            "heatmap": [
                            [0, 1, 1, 1, 0, 0, 0, 0, 0, 0, 0, 0, 0, 0, 0, 0, 0, 0, 0, 0, 0, 0, 0, 0, 0],
                            [0, 1, 1, 1, 1, 0, 0, 0, 0, 0, 0, 0, 0, 0, 0, 0, 0, 0, 0, 0, 0, 1, 1, 1, 0],
                            [0, 0, 1, 1, 1, 0, 0, 0, 0, 0, 0, 0, 0, 0, 1, 1, 1, 1, 1, 1, 1, 1, 1, 1, 1],
                            [0, 0, 0, 0, 1, 0, 0, 0, 0, 0, 0, 0, 1, 1, 1, 0, 0, 1, 1, 1, 1, 1, 1, 1, 1],
                            [0, 0, 0, 0, 1, 0, 0, 0, 0, 0, 1, 1, 1, 0, 0, 0, 0, 1, 1, 1, 1, 1, 1, 1, 0],
                            [0, 0, 0, 0, 1, 0, 0, 0, 1, 1, 1, 0, 0, 0, 0, 0, 0, 0, 0, 0, 1, 1, 0, 0, 0],
                            [0, 1, 1, 1, 1, 1, 0, 0, 1, 1, 1, 1, 1, 0, 0, 0, 0, 0, 0, 0, 0, 0, 0, 0, 0],
                            [0, 1, 1, 0, 1, 1, 1, 1, 1, 1, 1, 1, 1, 1, 0, 0, 0, 0, 0, 0, 0, 0, 0, 0, 0],
                            [1, 1, 1, 0, 0, 0, 0, 1, 1, 1, 1, 1, 1, 1, 0, 0, 0, 0, 0, 0, 0, 0, 0, 0, 0],
                            [0, 0, 0, 0, 0, 0, 0, 0, 0, 1, 1, 1, 1, 0, 0, 0, 0, 0, 0, 0, 0, 0, 0, 0, 0]
                       ]
        },
        {
            "name": "Video Recognition: low resolution",
            "ramRequirement": 0.5,
            "cpuRequirement": 2,
            "heatmap": [
                            [0, 1, 1, 1, 0, 0, 0, 0, 0, 0, 0, 0, 0, 0, 0, 0, 0, 0, 0, 0, 0, 0, 0, 0, 0],
                            [0, 1, 1, 1, 1, 0, 0, 0, 0, 0, 0, 0, 0, 0, 0, 0, 0, 0, 0, 0, 0, 1, 1, 1, 0],
                            [0, 0, 1, 1, 1, 0, 0, 0, 0, 0, 0, 0, 0, 0, 1, 1, 1, 1, 1, 1, 1, 1, 1, 1, 1],
                            [0, 0, 0, 0, 1, 0, 0, 0, 0, 0, 0, 0, 1, 1, 1, 0, 0, 1, 1, 1, 1, 1, 1, 1, 1],
                            [0, 0, 0, 0, 1, 0, 0, 0, 0, 0, 1, 1, 1, 0, 0, 0, 0, 1, 1, 1, 1, 1, 1, 1, 0],
                            [0, 0, 0, 0, 1, 0, 0, 0, 1, 1, 1, 0, 0, 0, 0, 0, 0, 0, 0, 0, 1, 1, 0, 0, 0],
                            [0, 1, 1, 1, 1, 1, 0, 0, 1, 1, 1, 1, 1, 0, 0, 0, 0, 0, 0, 0, 0, 0, 0, 0, 0],
                            [0, 1, 1, 0, 1, 1, 1, 1, 1, 1, 1, 1, 1, 1, 0, 0, 0, 0, 0, 0, 0, 0, 0, 0, 0],
                            [1, 1, 1, 0, 0, 0, 0, 1, 1, 1, 1, 1, 1, 1, 0, 0, 0, 0, 0, 0, 0, 0, 0, 0, 0],
                            [0, 0, 0, 0, 0, 0, 0, 0, 0, 1, 1, 1, 1, 0, 0, 0, 0, 0, 0, 0, 0, 0, 0, 0, 0]
                       ]
        },
        {
            "name": "Speech Recognition",
            "ramRequirement": 0.08,
            "cpuRequirement": 1,
            "heatmap": [
                            [0, 1, 1, 1, 0, 0, 0, 0, 0, 0, 0, 0, 0, 0, 0, 0, 0, 0, 0, 0, 0, 0, 0, 0, 0],
                            [0, 1, 1, 1, 1, 0, 0, 0, 0, 0, 0, 0, 0, 0, 0, 0, 0, 0, 0, 0, 0, 1, 1, 1, 0],
                            [0, 0, 1, 1, 1, 0, 0, 0, 0, 0, 0, 0, 0, 0, 1, 1, 1, 1, 1, 1, 1, 1, 1, 1, 1],
                            [0, 0, 0, 0, 1, 0, 0, 0, 0, 0, 0, 0, 1, 1, 1, 0, 0, 1, 1, 1, 1, 1, 1, 1, 1],
                            [0, 0, 0, 0, 1, 0, 0, 0, 0, 0, 1, 1, 1, 0, 0, 0, 0, 1, 1, 1, 1, 1, 1, 1, 0],
                            [0, 0, 0, 0, 1, 0, 0, 0, 1, 1, 1, 0, 0, 0, 0, 0, 0, 0, 0, 0, 1, 1, 0, 0, 0],
                            [0, 1, 1, 1, 1, 1, 0, 0, 1, 1, 1, 1, 1, 0, 0, 0, 0, 0, 0, 0, 0, 0, 0, 0, 0],
                            [0, 1, 1, 0, 1, 1, 1, 1, 1, 1, 1, 1, 1, 1, 0, 0, 0, 0, 0, 0, 0, 0, 0, 0, 0],
                            [1, 1, 1, 0, 0, 0, 0, 1, 1, 1, 1, 1, 1, 1, 0, 0, 0, 0, 0, 0, 0, 0, 0, 0, 0],
                            [0, 0, 0, 0, 0, 0, 0, 0, 0, 1, 1, 1, 1, 0, 0, 0, 0, 0, 0, 0, 0, 0, 0, 0, 0]
                       ]
        },
        {
            "name": "Image Recognition",
            "ramRequirement": 0.05,
            "cpuRequirement": 1,
            "heatmap": [
                            [0, 1, 1, 1, 0, 0, 0, 0, 0, 0, 0, 0, 0, 0, 0, 0, 0, 0, 0, 0, 0, 0, 0, 0, 0],
                            [0, 1, 1, 1, 1, 0, 0, 0, 0, 0, 0, 0, 0, 0, 0, 0, 0, 0, 0, 0, 0, 1, 1, 1, 0],
                            [0, 0, 1, 1, 1, 0, 0, 0, 0, 0, 0, 0, 0, 0, 1, 1, 1, 1, 1, 1, 1, 1, 1, 1, 1],
                            [0, 0, 0, 0, 1, 0, 0, 0, 0, 0, 0, 0, 1, 1, 1, 0, 0, 1, 1, 1, 1, 1, 1, 1, 1],
                            [0, 0, 0, 0, 1, 0, 0, 0, 0, 0, 1, 1, 1, 0, 0, 0, 0, 1, 1, 1, 1, 1, 1, 1, 0],
                            [0, 0, 0, 0, 1, 0, 0, 0, 1, 1, 1, 0, 0, 0, 0, 0, 0, 0, 0, 0, 1, 1, 0, 0, 0],
                            [0, 1, 1, 1, 1, 1, 0, 0, 1, 1, 1, 1, 1, 0, 0, 0, 0, 0, 0, 0, 0, 0, 0, 0, 0],
                            [0, 1, 1, 0, 1, 1, 1, 1, 1, 1, 1, 1, 1, 1, 0, 0, 0, 0, 0, 0, 0, 0, 0, 0, 0],
                            [1, 1, 1, 0, 0, 0, 0, 1, 1, 1, 1, 1, 1, 1, 0, 0, 0, 0, 0, 0, 0, 0, 0, 0, 0],
                            [0, 0, 0, 0, 0, 0, 0, 0, 0, 1, 1, 1, 1, 0, 0, 0, 0, 0, 0, 0, 0, 0, 0, 0, 0]
                       ]
        },
        {
            "name": "Service Discovery",
            "ramRequirement": 0.05,
            "cpuRequirement": 1,
            "heatmap": [
                            [0, 1, 1, 1, 0, 0, 0, 0, 0, 0, 0, 0, 0, 0, 0, 0, 0, 0, 0, 0, 0, 0, 0, 0, 0],
                            [0, 1, 1, 1, 1, 0, 0, 0, 0, 0, 0, 0, 0, 0, 0, 0, 0, 0, 0, 0, 0, 1, 1, 1, 0],
                            [0, 0, 1, 1, 1, 0, 0, 0, 0, 0, 0, 0, 0, 0, 1, 1, 1, 1, 1, 1, 1, 1, 1, 1, 1],
                            [0, 0, 0, 0, 1, 0, 0, 0, 0, 0, 0, 0, 1, 1, 1, 0, 0, 1, 1, 1, 1, 1, 1, 1, 1],
                            [0, 0, 0, 0, 1, 0, 0, 0, 0, 0, 1, 1, 1, 0, 0, 0, 0, 1, 1, 1, 1, 1, 1, 1, 0],
                            [0, 0, 0, 0, 1, 0, 0, 0, 1, 1, 1, 0, 0, 0, 0, 0, 0, 0, 0, 0, 1, 1, 0, 0, 0],
                            [0, 1, 1, 1, 1, 1, 0, 0, 1, 1, 1, 1, 1, 0, 0, 0, 0, 0, 0, 0, 0, 0, 0, 0, 0],
                            [0, 1, 1, 0, 1, 1, 1, 1, 1, 1, 1, 1, 1, 1, 0, 0, 0, 0, 0, 0, 0, 0, 0, 0, 0],
                            [1, 1, 1, 0, 0, 0, 0, 1, 1, 1, 1, 1, 1, 1, 0, 0, 0, 0, 0, 0, 0, 0, 0, 0, 0],
                            [0, 0, 0, 0, 0, 0, 0, 0, 0, 1, 1, 1, 1, 0, 0, 0, 0, 0, 0, 0, 0, 0, 0, 0, 0]
                       ]
        },
        {
            "name": "Data Prediction",
            "ramRequirement": 0.05,
            "cpuRequirement": 1,
            "heatmap": [
                            [0, 1, 1, 1, 0, 0, 0, 0, 0, 0, 0, 0, 0, 0, 0, 0, 0, 0, 0, 0, 0, 0, 0, 0, 0],
                            [0, 1, 1, 1, 1, 0, 0, 0, 0, 0, 0, 0, 0, 0, 0, 0, 0, 0, 0, 0, 0, 1, 1, 1, 0],
                            [0, 0, 1, 1, 1, 0, 0, 0, 0, 0, 0, 0, 0, 0, 1, 1, 1, 1, 1, 1, 1, 1, 1, 1, 1],
                            [0, 0, 0, 0, 1, 0, 0, 0, 0, 0, 0, 0, 1, 1, 1, 0, 0, 1, 1, 1, 1, 1, 1, 1, 1],
                            [0, 0, 0, 0, 1, 0, 0, 0, 0, 0, 1, 1, 1, 0, 0, 0, 0, 1, 1, 1, 1, 1, 1, 1, 0],
                            [0, 0, 0, 0, 1, 0, 0, 0, 1, 1, 1, 0, 0, 0, 0, 0, 0, 0, 0, 0, 1, 1, 0, 0, 0],
                            [0, 1, 1, 1, 1, 1, 0, 0, 1, 1, 1, 1, 1, 0, 0, 0, 0, 0, 0, 0, 0, 0, 0, 0, 0],
                            [0, 1, 1, 0, 1, 1, 1, 1, 1, 1, 1, 1, 1, 1, 0, 0, 0, 0, 0, 0, 0, 0, 0, 0, 0],
                            [1, 1, 1, 0, 0, 0, 0, 1, 1, 1, 1, 1, 1, 1, 0, 0, 0, 0, 0, 0, 0, 0, 0, 0, 0],
                            [0, 0, 0, 0, 0, 0, 0, 0, 0, 1, 1, 1, 1, 0, 0, 0, 0, 0, 0, 0, 0, 0, 0, 0, 0]
                       ]
        },    
    ]
}
