{
    "scenarioName": "Sergio",
    "shape": [
        10,
        10
    ],
    "backgroundImg": "/home/santiago/Documents/Trabajo/Workspace/GLOMIM/glomim_v1/AuxImages/scenario_background.png",
    "uavList": [
        {
            "uavId": "uav_01_04",
            "position": [
                1,
                4
            ],
            "ramCapacity": 4.0,
            "ramAllocated": 0.0,
            "cpuCapacity": 4.0,
            "cpuAllocated": 0.0,
            "microservices": []
        },
        {
            "uavId": "uav_01_05",
            "position": [
                1,
                5
            ],
            "ramCapacity": 4.0,
            "ramAllocated": 0.0,
            "cpuCapacity": 4.0,
            "cpuAllocated": 0.0,
            "microservices": []
        },
        {
            "uavId": "uav_02_00",
            "position": [
                2,
                0
            ],
            "ramCapacity": 4.0,
            "ramAllocated": 0.0,
            "cpuCapacity": 4.0,
            "cpuAllocated": 0.0,
            "microservices": []
        },
        {
            "uavId": "uav_02_01",
            "position": [
                2,
                1
            ],
            "ramCapacity": 4.0,
            "ramAllocated": 0.0,
            "cpuCapacity": 4.0,
            "cpuAllocated": 0.0,
            "microservices": []
        },
        {
            "uavId": "uav_02_02",
            "position": [
                2,
                2
            ],
            "ramCapacity": 4.0,
            "ramAllocated": 0.0,
            "cpuCapacity": 4.0,
            "cpuAllocated": 0.0,
            "microservices": []
        },
        {
            "uavId": "uav_02_03",
            "position": [
                2,
                3
            ],
            "ramCapacity": 4.0,
            "ramAllocated": 0.0,
            "cpuCapacity": 4.0,
            "cpuAllocated": 0.0,
            "microservices": []
        },
        {
            "uavId": "uav_02_04",
            "position": [
                2,
                4
            ],
            "ramCapacity": 4.0,
            "ramAllocated": 0.0,
            "cpuCapacity": 4.0,
            "cpuAllocated": 0.0,
            "microservices": []
        },
        {
            "uavId": "uav_02_05",
            "position": [
                2,
                5
            ],
            "ramCapacity": 4.0,
            "ramAllocated": 0.0,
            "cpuCapacity": 4.0,
            "cpuAllocated": 0.0,
            "microservices": []
        },
        {
            "uavId": "uav_02_06",
            "position": [
                2,
                6
            ],
            "ramCapacity": 4.0,
            "ramAllocated": 0.0,
            "cpuCapacity": 4.0,
            "cpuAllocated": 0.0,
            "microservices": []
        },
        {
            "uavId": "uav_03_00",
            "position": [
                3,
                0
            ],
            "ramCapacity": 4.0,
            "ramAllocated": 0.0,
            "cpuCapacity": 4.0,
            "cpuAllocated": 0.0,
            "microservices": []
        },
        {
            "uavId": "uav_03_01",
            "position": [
                3,
                1
            ],
            "ramCapacity": 4.0,
            "ramAllocated": 0.0,
            "cpuCapacity": 4.0,
            "cpuAllocated": 0.0,
            "microservices": []
        },
        {
            "uavId": "uav_03_02",
            "position": [
                3,
                2
            ],
            "ramCapacity": 4.0,
            "ramAllocated": 0.0,
            "cpuCapacity": 4.0,
            "cpuAllocated": 0.0,
            "microservices": []
        },
        {
            "uavId": "uav_03_03",
            "position": [
                3,
                3
            ],
            "ramCapacity": 4.0,
            "ramAllocated": 0.0,
            "cpuCapacity": 4.0,
            "cpuAllocated": 0.0,
            "microservices": []
        }
    ],
    "microserviceList": []
}